season,week,game_id,home_team,away_team,kickoff_utc,snapshot_utc,slot,markets
2023,1,2023_01_DET_KC,KC,DET,2023-09-08 00:20:00+00:00,2023-09-07 23:20:00+00:00,2023-09-07 23:20:00+00:00,"player_receptions,player_reception_yds"
2023,1,2023_01_CAR_ATL,ATL,CAR,2023-09-10 17:00:00+00:00,2023-09-10 16:00:00+00:00,2023-09-10 16:00:00+00:00,"player_receptions,player_reception_yds"
2023,1,2023_01_HOU_BAL,BAL,HOU,2023-09-10 17:00:00+00:00,2023-09-10 16:00:00+00:00,2023-09-10 16:00:00+00:00,"player_receptions,player_reception_yds"
2023,1,2023_01_CIN_CLE,CLE,CIN,2023-09-10 17:00:00+00:00,2023-09-10 16:00:00+00:00,2023-09-10 16:00:00+00:00,"player_receptions,player_reception_yds"
2023,1,2023_01_JAX_IND,IND,JAX,2023-09-10 17:00:00+00:00,2023-09-10 16:00:00+00:00,2023-09-10 16:00:00+00:00,"player_receptions,player_reception_yds"
2023,1,2023_01_TB_MIN,MIN,TB,2023-09-10 17:00:00+00:00,2023-09-10 16:00:00+00:00,2023-09-10 16:00:00+00:00,"player_receptions,player_reception_yds"
2023,1,2023_01_TEN_NO,NO,TEN,2023-09-10 17:00:00+00:00,2023-09-10 16:00:00+00:00,2023-09-10 16:00:00+00:00,"player_receptions,player_reception_yds"
2023,1,2023_01_SF_PIT,PIT,SF,2023-09-10 17:00:00+00:00,2023-09-10 16:00:00+00:00,2023-09-10 16:00:00+00:00,"player_receptions,player_reception_yds"
2023,1,2023_01_ARI_WAS,WAS,ARI,2023-09-10 17:00:00+00:00,2023-09-10 16:00:00+00:00,2023-09-10 16:00:00+00:00,"player_receptions,player_reception_yds"
2023,1,2023_01_LA_SEA,SEA,LA,2023-09-10 20:25:00+00:00,2023-09-10 19:25:00+00:00,2023-09-10 19:25:00+00:00,"player_receptions,player_reception_yds"
2023,1,2023_01_MIA_LAC,LAC,MIA,2023-09-10 20:25:00+00:00,2023-09-10 19:25:00+00:00,2023-09-10 19:25:00+00:00,"player_receptions,player_reception_yds"
2023,1,2023_01_PHI_NE,NE,PHI,2023-09-10 20:25:00+00:00,2023-09-10 19:25:00+00:00,2023-09-10 19:25:00+00:00,"player_receptions,player_reception_yds"
2023,1,2023_01_GB_CHI,CHI,GB,2023-09-10 20:25:00+00:00,2023-09-10 19:25:00+00:00,2023-09-10 19:25:00+00:00,"player_receptions,player_reception_yds"
2023,1,2023_01_LV_DEN,DEN,LV,2023-09-10 20:25:00+00:00,2023-09-10 19:25:00+00:00,2023-09-10 19:25:00+00:00,"player_receptions,player_reception_yds"
2023,1,2023_01_DAL_NYG,NYG,DAL,2023-09-11 00:20:00+00:00,2023-09-10 23:20:00+00:00,2023-09-10 23:20:00+00:00,"player_receptions,player_reception_yds"
2023,1,2023_01_BUF_NYJ,NYJ,BUF,2023-09-12 00:15:00+00:00,2023-09-11 23:15:00+00:00,2023-09-11 23:15:00+00:00,"player_receptions,player_reception_yds"
2023,2,2023_02_MIN_PHI,PHI,MIN,2023-09-15 00:15:00+00:00,2023-09-14 23:15:00+00:00,2023-09-14 23:15:00+00:00,"player_receptions,player_reception_yds"
2023,2,2023_02_CHI_TB,TB,CHI,2023-09-17 17:00:00+00:00,2023-09-17 16:00:00+00:00,2023-09-17 16:00:00+00:00,"player_receptions,player_reception_yds"
2023,2,2023_02_GB_ATL,ATL,GB,2023-09-17 17:00:00+00:00,2023-09-17 16:00:00+00:00,2023-09-17 16:00:00+00:00,"player_receptions,player_reception_yds"
2023,2,2023_02_LV_BUF,BUF,LV,2023-09-17 17:00:00+00:00,2023-09-17 16:00:00+00:00,2023-09-17 16:00:00+00:00,"player_receptions,player_reception_yds"
2023,2,2023_02_BAL_CIN,CIN,BAL,2023-09-17 17:00:00+00:00,2023-09-17 16:00:00+00:00,2023-09-17 16:00:00+00:00,"player_receptions,player_reception_yds"
2023,2,2023_02_SEA_DET,DET,SEA,2023-09-17 17:00:00+00:00,2023-09-17 16:00:00+00:00,2023-09-17 16:00:00+00:00,"player_receptions,player_reception_yds"
2023,2,2023_02_IND_HOU,HOU,IND,2023-09-17 17:00:00+00:00,2023-09-17 16:00:00+00:00,2023-09-17 16:00:00+00:00,"player_receptions,player_reception_yds"
2023,2,2023_02_KC_JAX,JAX,KC,2023-09-17 17:00:00+00:00,2023-09-17 16:00:00+00:00,2023-09-17 16:00:00+00:00,"player_receptions,player_reception_yds"
2023,2,2023_02_LAC_TEN,TEN,LAC,2023-09-17 17:00:00+00:00,2023-09-17 16:00:00+00:00,2023-09-17 16:00:00+00:00,"player_receptions,player_reception_yds"
2023,2,2023_02_SF_LA,LA,SF,2023-09-17 20:05:00+00:00,2023-09-17 19:05:00+00:00,2023-09-17 19:05:00+00:00,"player_receptions,player_reception_yds"
2023,2,2023_02_NYG_ARI,ARI,NYG,2023-09-17 20:05:00+00:00,2023-09-17 19:05:00+00:00,2023-09-17 19:05:00+00:00,"player_receptions,player_reception_yds"
2023,2,2023_02_NYJ_DAL,DAL,NYJ,2023-09-17 20:25:00+00:00,2023-09-17 19:25:00+00:00,2023-09-17 19:25:00+00:00,"player_receptions,player_reception_yds"
2023,2,2023_02_WAS_DEN,DEN,WAS,2023-09-17 20:25:00+00:00,2023-09-17 19:25:00+00:00,2023-09-17 19:25:00+00:00,"player_receptions,player_reception_yds"
2023,2,2023_02_MIA_NE,NE,MIA,2023-09-18 00:20:00+00:00,2023-09-17 23:20:00+00:00,2023-09-17 23:20:00+00:00,"player_receptions,player_reception_yds"
2023,2,2023_02_NO_CAR,CAR,NO,2023-09-18 23:15:00+00:00,2023-09-18 22:15:00+00:00,2023-09-18 22:15:00+00:00,"player_receptions,player_reception_yds"
2023,2,2023_02_CLE_PIT,PIT,CLE,2023-09-19 00:15:00+00:00,2023-09-18 23:15:00+00:00,2023-09-18 23:15:00+00:00,"player_receptions,player_reception_yds"
2023,3,2023_03_NYG_SF,SF,NYG,2023-09-22 00:15:00+00:00,2023-09-21 23:15:00+00:00,2023-09-21 23:15:00+00:00,"player_receptions,player_reception_yds"
2023,3,2023_03_LAC_MIN,MIN,LAC,2023-09-24 17:00:00+00:00,2023-09-24 16:00:00+00:00,2023-09-24 16:00:00+00:00,"player_receptions,player_reception_yds"
2023,3,2023_03_BUF_WAS,WAS,BUF,2023-09-24 17:00:00+00:00,2023-09-24 16:00:00+00:00,2023-09-24 16:00:00+00:00,"player_receptions,player_reception_yds"
2023,3,2023_03_NE_NYJ,NYJ,NE,2023-09-24 17:00:00+00:00,2023-09-24 16:00:00+00:00,2023-09-24 16:00:00+00:00,"player_receptions,player_reception_yds"
2023,3,2023_03_HOU_JAX,JAX,HOU,2023-09-24 17:00:00+00:00,2023-09-24 16:00:00+00:00,2023-09-24 16:00:00+00:00,"player_receptions,player_reception_yds"
2023,3,2023_03_DEN_MIA,MIA,DEN,2023-09-24 17:00:00+00:00,2023-09-24 16:00:00+00:00,2023-09-24 16:00:00+00:00,"player_receptions,player_reception_yds"
2023,3,2023_03_ATL_DET,DET,ATL,2023-09-24 17:00:00+00:00,2023-09-24 16:00:00+00:00,2023-09-24 16:00:00+00:00,"player_receptions,player_reception_yds"
2023,3,2023_03_TEN_CLE,CLE,TEN,2023-09-24 17:00:00+00:00,2023-09-24 16:00:00+00:00,2023-09-24 16:00:00+00:00,"player_receptions,player_reception_yds"
2023,3,2023_03_IND_BAL,BAL,IND,2023-09-24 17:00:00+00:00,2023-09-24 16:00:00+00:00,2023-09-24 16:00:00+00:00,"player_receptions,player_reception_yds"
2023,3,2023_03_NO_GB,GB,NO,2023-09-24 17:00:00+00:00,2023-09-24 16:00:00+00:00,2023-09-24 16:00:00+00:00,"player_receptions,player_reception_yds"
2023,3,2023_03_CAR_SEA,SEA,CAR,2023-09-24 20:05:00+00:00,2023-09-24 19:05:00+00:00,2023-09-24 19:05:00+00:00,"player_receptions,player_reception_yds"
2023,3,2023_03_DAL_ARI,ARI,DAL,2023-09-24 20:25:00+00:00,2023-09-24 19:25:00+00:00,2023-09-24 19:25:00+00:00,"player_receptions,player_reception_yds"
2023,3,2023_03_CHI_KC,KC,CHI,2023-09-24 20:25:00+00:00,2023-09-24 19:25:00+00:00,2023-09-24 19:25:00+00:00,"player_receptions,player_reception_yds"
2023,3,2023_03_PIT_LV,LV,PIT,2023-09-25 00:20:00+00:00,2023-09-24 23:20:00+00:00,2023-09-24 23:20:00+00:00,"player_receptions,player_reception_yds"
2023,3,2023_03_PHI_TB,TB,PHI,2023-09-25 23:15:00+00:00,2023-09-25 22:15:00+00:00,2023-09-25 22:15:00+00:00,"player_receptions,player_reception_yds"
2023,3,2023_03_LA_CIN,CIN,LA,2023-09-26 00:15:00+00:00,2023-09-25 23:15:00+00:00,2023-09-25 23:15:00+00:00,"player_receptions,player_reception_yds"
2023,4,2023_04_DET_GB,GB,DET,2023-09-29 00:15:00+00:00,2023-09-28 23:15:00+00:00,2023-09-28 23:15:00+00:00,"player_receptions,player_reception_yds"
2023,4,2023_04_ATL_JAX,JAX,ATL,2023-10-01 13:30:00+00:00,2023-10-01 12:30:00+00:00,2023-10-01 12:30:00+00:00,"player_receptions,player_reception_yds"
2023,4,2023_04_WAS_PHI,PHI,WAS,2023-10-01 17:00:00+00:00,2023-10-01 16:00:00+00:00,2023-10-01 16:00:00+00:00,"player_receptions,player_reception_yds"
2023,4,2023_04_TB_NO,NO,TB,2023-10-01 17:00:00+00:00,2023-10-01 16:00:00+00:00,2023-10-01 16:00:00+00:00,"player_receptions,player_reception_yds"
2023,4,2023_04_CIN_TEN,TEN,CIN,2023-10-01 17:00:00+00:00,2023-10-01 16:00:00+00:00,2023-10-01 16:00:00+00:00,"player_receptions,player_reception_yds"
2023,4,2023_04_LA_IND,IND,LA,2023-10-01 17:00:00+00:00,2023-10-01 16:00:00+00:00,2023-10-01 16:00:00+00:00,"player_receptions,player_reception_yds"
2023,4,2023_04_MIA_BUF,BUF,MIA,2023-10-01 17:00:00+00:00,2023-10-01 16:00:00+00:00,2023-10-01 16:00:00+00:00,"player_receptions,player_reception_yds"
2023,4,2023_04_BAL_CLE,CLE,BAL,2023-10-01 17:00:00+00:00,2023-10-01 16:00:00+00:00,2023-10-01 16:00:00+00:00,"player_receptions,player_reception_yds"
2023,4,2023_04_DEN_CHI,CHI,DEN,2023-10-01 17:00:00+00:00,2023-10-01 16:00:00+00:00,2023-10-01 16:00:00+00:00,"player_receptions,player_reception_yds"
2023,4,2023_04_MIN_CAR,CAR,MIN,2023-10-01 17:00:00+00:00,2023-10-01 16:00:00+00:00,2023-10-01 16:00:00+00:00,"player_receptions,player_reception_yds"
2023,4,2023_04_PIT_HOU,HOU,PIT,2023-10-01 17:00:00+00:00,2023-10-01 16:00:00+00:00,2023-10-01 16:00:00+00:00,"player_receptions,player_reception_yds"
2023,4,2023_04_LV_LAC,LAC,LV,2023-10-01 20:05:00+00:00,2023-10-01 19:05:00+00:00,2023-10-01 19:05:00+00:00,"player_receptions,player_reception_yds"
2023,4,2023_04_NE_DAL,DAL,NE,2023-10-01 20:25:00+00:00,2023-10-01 19:25:00+00:00,2023-10-01 19:25:00+00:00,"player_receptions,player_reception_yds"
2023,4,2023_04_ARI_SF,SF,ARI,2023-10-01 20:25:00+00:00,2023-10-01 19:25:00+00:00,2023-10-01 19:25:00+00:00,"player_receptions,player_reception_yds"
2023,4,2023_04_KC_NYJ,NYJ,KC,2023-10-02 00:20:00+00:00,2023-10-01 23:20:00+00:00,2023-10-01 23:20:00+00:00,"player_receptions,player_reception_yds"
2023,4,2023_04_SEA_NYG,NYG,SEA,2023-10-03 00:15:00+00:00,2023-10-02 23:15:00+00:00,2023-10-02 23:15:00+00:00,"player_receptions,player_reception_yds"
2023,5,2023_05_CHI_WAS,WAS,CHI,2023-10-06 00:15:00+00:00,2023-10-05 23:15:00+00:00,2023-10-05 23:15:00+00:00,"player_receptions,player_reception_yds"
2023,5,2023_05_JAX_BUF,BUF,JAX,2023-10-08 13:30:00+00:00,2023-10-08 12:30:00+00:00,2023-10-08 12:30:00+00:00,"player_receptions,player_reception_yds"
2023,5,2023_05_HOU_ATL,ATL,HOU,2023-10-08 17:00:00+00:00,2023-10-08 16:00:00+00:00,2023-10-08 16:00:00+00:00,"player_receptions,player_reception_yds"
2023,5,2023_05_CAR_DET,DET,CAR,2023-10-08 17:00:00+00:00,2023-10-08 16:00:00+00:00,2023-10-08 16:00:00+00:00,"player_receptions,player_reception_yds"
2023,5,2023_05_TEN_IND,IND,TEN,2023-10-08 17:00:00+00:00,2023-10-08 16:00:00+00:00,2023-10-08 16:00:00+00:00,"player_receptions,player_reception_yds"
2023,5,2023_05_NYG_MIA,MIA,NYG,2023-10-08 17:00:00+00:00,2023-10-08 16:00:00+00:00,2023-10-08 16:00:00+00:00,"player_receptions,player_reception_yds"
2023,5,2023_05_NO_NE,NE,NO,2023-10-08 17:00:00+00:00,2023-10-08 16:00:00+00:00,2023-10-08 16:00:00+00:00,"player_receptions,player_reception_yds"
2023,5,2023_05_BAL_PIT,PIT,BAL,2023-10-08 17:00:00+00:00,2023-10-08 16:00:00+00:00,2023-10-08 16:00:00+00:00,"player_receptions,player_reception_yds"
2023,5,2023_05_CIN_ARI,ARI,CIN,2023-10-08 20:05:00+00:00,2023-10-08 19:05:00+00:00,2023-10-08 19:05:00+00:00,"player_receptions,player_reception_yds"
2023,5,2023_05_PHI_LA,LA,PHI,2023-10-08 20:05:00+00:00,2023-10-08 19:05:00+00:00,2023-10-08 19:05:00+00:00,"player_receptions,player_reception_yds"
2023,5,2023_05_NYJ_DEN,DEN,NYJ,2023-10-08 20:25:00+00:00,2023-10-08 19:25:00+00:00,2023-10-08 19:25:00+00:00,"player_receptions,player_reception_yds"
2023,5,2023_05_KC_MIN,MIN,KC,2023-10-08 20:25:00+00:00,2023-10-08 19:25:00+00:00,2023-10-08 19:25:00+00:00,"player_receptions,player_reception_yds"
2023,5,2023_05_DAL_SF,SF,DAL,2023-10-09 00:20:00+00:00,2023-10-08 23:20:00+00:00,2023-10-08 23:20:00+00:00,"player_receptions,player_reception_yds"
2023,5,2023_05_GB_LV,LV,GB,2023-10-10 00:15:00+00:00,2023-10-09 23:15:00+00:00,2023-10-09 23:15:00+00:00,"player_receptions,player_reception_yds"
2023,6,2023_06_DEN_KC,KC,DEN,2023-10-13 00:15:00+00:00,2023-10-12 23:15:00+00:00,2023-10-12 23:15:00+00:00,"player_receptions,player_reception_yds"
2023,6,2023_06_BAL_TEN,TEN,BAL,2023-10-15 13:30:00+00:00,2023-10-15 12:30:00+00:00,2023-10-15 12:30:00+00:00,"player_receptions,player_reception_yds"
2023,6,2023_06_WAS_ATL,ATL,WAS,2023-10-15 17:00:00+00:00,2023-10-15 16:00:00+00:00,2023-10-15 16:00:00+00:00,"player_receptions,player_reception_yds"
2023,6,2023_06_MIN_CHI,CHI,MIN,2023-10-15 17:00:00+00:00,2023-10-15 16:00:00+00:00,2023-10-15 16:00:00+00:00,"player_receptions,player_reception_yds"
2023,6,2023_06_SEA_CIN,CIN,SEA,2023-10-15 17:00:00+00:00,2023-10-15 16:00:00+00:00,2023-10-15 16:00:00+00:00,"player_receptions,player_reception_yds"
2023,6,2023_06_SF_CLE,CLE,SF,2023-10-15 17:00:00+00:00,2023-10-15 16:00:00+00:00,2023-10-15 16:00:00+00:00,"player_receptions,player_reception_yds"
2023,6,2023_06_NO_HOU,HOU,NO,2023-10-15 17:00:00+00:00,2023-10-15 16:00:00+00:00,2023-10-15 16:00:00+00:00,"player_receptions,player_reception_yds"
2023,6,2023_06_IND_JAX,JAX,IND,2023-10-15 17:00:00+00:00,2023-10-15 16:00:00+00:00,2023-10-15 16:00:00+00:00,"player_receptions,player_reception_yds"
2023,6,2023_06_CAR_MIA,MIA,CAR,2023-10-15 17:00:00+00:00,2023-10-15 16:00:00+00:00,2023-10-15 16:00:00+00:00,"player_receptions,player_reception_yds"
2023,6,2023_06_NE_LV,LV,NE,2023-10-15 20:05:00+00:00,2023-10-15 19:05:00+00:00,2023-10-15 19:05:00+00:00,"player_receptions,player_reception_yds"
2023,6,2023_06_DET_TB,TB,DET,2023-10-15 20:25:00+00:00,2023-10-15 19:25:00+00:00,2023-10-15 19:25:00+00:00,"player_receptions,player_reception_yds"
2023,6,2023_06_PHI_NYJ,NYJ,PHI,2023-10-15 20:25:00+00:00,2023-10-15 19:25:00+00:00,2023-10-15 19:25:00+00:00,"player_receptions,player_reception_yds"
2023,6,2023_06_ARI_LA,LA,ARI,2023-10-15 20:25:00+00:00,2023-10-15 19:25:00+00:00,2023-10-15 19:25:00+00:00,"player_receptions,player_reception_yds"
2023,6,2023_06_NYG_BUF,BUF,NYG,2023-10-16 00:20:00+00:00,2023-10-15 23:20:00+00:00,2023-10-15 23:20:00+00:00,"player_receptions,player_reception_yds"
2023,6,2023_06_DAL_LAC,LAC,DAL,2023-10-17 00:15:00+00:00,2023-10-16 23:15:00+00:00,2023-10-16 23:15:00+00:00,"player_receptions,player_reception_yds"
2023,7,2023_07_JAX_NO,NO,JAX,2023-10-20 00:15:00+00:00,2023-10-19 23:15:00+00:00,2023-10-19 23:15:00+00:00,"player_receptions,player_reception_yds"
2023,7,2023_07_DET_BAL,BAL,DET,2023-10-22 17:00:00+00:00,2023-10-22 16:00:00+00:00,2023-10-22 16:00:00+00:00,"player_receptions,player_reception_yds"
2023,7,2023_07_LV_CHI,CHI,LV,2023-10-22 17:00:00+00:00,2023-10-22 16:00:00+00:00,2023-10-22 16:00:00+00:00,"player_receptions,player_reception_yds"
2023,7,2023_07_CLE_IND,IND,CLE,2023-10-22 17:00:00+00:00,2023-10-22 16:00:00+00:00,2023-10-22 16:00:00+00:00,"player_receptions,player_reception_yds"
2023,7,2023_07_BUF_NE,NE,BUF,2023-10-22 17:00:00+00:00,2023-10-22 16:00:00+00:00,2023-10-22 16:00:00+00:00,"player_receptions,player_reception_yds"
2023,7,2023_07_WAS_NYG,NYG,WAS,2023-10-22 17:00:00+00:00,2023-10-22 16:00:00+00:00,2023-10-22 16:00:00+00:00,"player_receptions,player_reception_yds"
2023,7,2023_07_ATL_TB,TB,ATL,2023-10-22 17:00:00+00:00,2023-10-22 16:00:00+00:00,2023-10-22 16:00:00+00:00,"player_receptions,player_reception_yds"
2023,7,2023_07_ARI_SEA,SEA,ARI,2023-10-22 20:05:00+00:00,2023-10-22 19:05:00+00:00,2023-10-22 19:05:00+00:00,"player_receptions,player_reception_yds"
2023,7,2023_07_PIT_LA,LA,PIT,2023-10-22 20:05:00+00:00,2023-10-22 19:05:00+00:00,2023-10-22 19:05:00+00:00,"player_receptions,player_reception_yds"
2023,7,2023_07_GB_DEN,DEN,GB,2023-10-22 20:25:00+00:00,2023-10-22 19:25:00+00:00,2023-10-22 19:25:00+00:00,"player_receptions,player_reception_yds"
2023,7,2023_07_LAC_KC,KC,LAC,2023-10-22 20:25:00+00:00,2023-10-22 19:25:00+00:00,2023-10-22 19:25:00+00:00,"player_receptions,player_reception_yds"
2023,7,2023_07_MIA_PHI,PHI,MIA,2023-10-23 00:20:00+00:00,2023-10-22 23:20:00+00:00,2023-10-22 23:20:00+00:00,"player_receptions,player_reception_yds"
2023,7,2023_07_SF_MIN,MIN,SF,2023-10-24 00:15:00+00:00,2023-10-23 23:15:00+00:00,2023-10-23 23:15:00+00:00,"player_receptions,player_reception_yds"
2023,8,2023_08_TB_BUF,BUF,TB,2023-10-27 00:15:00+00:00,2023-10-26 23:15:00+00:00,2023-10-26 23:15:00+00:00,"player_receptions,player_reception_yds"
2023,8,2023_08_PHI_WAS,WAS,PHI,2023-10-29 17:00:00+00:00,2023-10-29 16:00:00+00:00,2023-10-29 16:00:00+00:00,"player_receptions,player_reception_yds"
2023,8,2023_08_JAX_PIT,PIT,JAX,2023-10-29 17:00:00+00:00,2023-10-29 16:00:00+00:00,2023-10-29 16:00:00+00:00,"player_receptions,player_reception_yds"
2023,8,2023_08_NYJ_NYG,NYG,NYJ,2023-10-29 17:00:00+00:00,2023-10-29 16:00:00+00:00,2023-10-29 16:00:00+00:00,"player_receptions,player_reception_yds"
2023,8,2023_08_NE_MIA,MIA,NE,2023-10-29 17:00:00+00:00,2023-10-29 16:00:00+00:00,2023-10-29 16:00:00+00:00,"player_receptions,player_reception_yds"
2023,8,2023_08_ATL_TEN,TEN,ATL,2023-10-29 17:00:00+00:00,2023-10-29 16:00:00+00:00,2023-10-29 16:00:00+00:00,"player_receptions,player_reception_yds"
2023,8,2023_08_MIN_GB,GB,MIN,2023-10-29 17:00:00+00:00,2023-10-29 16:00:00+00:00,2023-10-29 16:00:00+00:00,"player_receptions,player_reception_yds"
2023,8,2023_08_LA_DAL,DAL,LA,2023-10-29 17:00:00+00:00,2023-10-29 16:00:00+00:00,2023-10-29 16:00:00+00:00,"player_receptions,player_reception_yds"
2023,8,2023_08_HOU_CAR,CAR,HOU,2023-10-29 17:00:00+00:00,2023-10-29 16:00:00+00:00,2023-10-29 16:00:00+00:00,"player_receptions,player_reception_yds"
2023,8,2023_08_NO_IND,IND,NO,2023-10-29 17:00:00+00:00,2023-10-29 16:00:00+00:00,2023-10-29 16:00:00+00:00,"player_receptions,player_reception_yds"
2023,8,2023_08_CLE_SEA,SEA,CLE,2023-10-29 20:05:00+00:00,2023-10-29 19:05:00+00:00,2023-10-29 19:05:00+00:00,"player_receptions,player_reception_yds"
2023,8,2023_08_BAL_ARI,ARI,BAL,2023-10-29 20:25:00+00:00,2023-10-29 19:25:00+00:00,2023-10-29 19:25:00+00:00,"player_receptions,player_reception_yds"
2023,8,2023_08_KC_DEN,DEN,KC,2023-10-29 20:25:00+00:00,2023-10-29 19:25:00+00:00,2023-10-29 19:25:00+00:00,"player_receptions,player_reception_yds"
2023,8,2023_08_CIN_SF,SF,CIN,2023-10-29 20:25:00+00:00,2023-10-29 19:25:00+00:00,2023-10-29 19:25:00+00:00,"player_receptions,player_reception_yds"
2023,8,2023_08_CHI_LAC,LAC,CHI,2023-10-30 00:20:00+00:00,2023-10-29 23:20:00+00:00,2023-10-29 23:20:00+00:00,"player_receptions,player_reception_yds"
2023,8,2023_08_LV_DET,DET,LV,2023-10-31 00:15:00+00:00,2023-10-30 23:15:00+00:00,2023-10-30 23:15:00+00:00,"player_receptions,player_reception_yds"
2023,9,2023_09_TEN_PIT,PIT,TEN,2023-11-03 00:15:00+00:00,2023-11-02 23:15:00+00:00,2023-11-02 23:15:00+00:00,"player_receptions,player_reception_yds"
2023,9,2023_09_MIA_KC,KC,MIA,2023-11-05 14:30:00+00:00,2023-11-05 13:30:00+00:00,2023-11-05 13:30:00+00:00,"player_receptions,player_reception_yds"
2023,9,2023_09_WAS_NE,NE,WAS,2023-11-05 18:00:00+00:00,2023-11-05 17:00:00+00:00,2023-11-05 17:00:00+00:00,"player_receptions,player_reception_yds"
2023,9,2023_09_CHI_NO,NO,CHI,2023-11-05 18:00:00+00:00,2023-11-05 17:00:00+00:00,2023-11-05 17:00:00+00:00,"player_receptions,player_reception_yds"
2023,9,2023_09_LA_GB,GB,LA,2023-11-05 18:00:00+00:00,2023-11-05 17:00:00+00:00,2023-11-05 17:00:00+00:00,"player_receptions,player_reception_yds"
2023,9,2023_09_TB_HOU,HOU,TB,2023-11-05 18:00:00+00:00,2023-11-05 17:00:00+00:00,2023-11-05 17:00:00+00:00,"player_receptions,player_reception_yds"
2023,9,2023_09_SEA_BAL,BAL,SEA,2023-11-05 18:00:00+00:00,2023-11-05 17:00:00+00:00,2023-11-05 17:00:00+00:00,"player_receptions,player_reception_yds"
2023,9,2023_09_MIN_ATL,ATL,MIN,2023-11-05 18:00:00+00:00,2023-11-05 17:00:00+00:00,2023-11-05 17:00:00+00:00,"player_receptions,player_reception_yds"
2023,9,2023_09_ARI_CLE,CLE,ARI,2023-11-05 18:00:00+00:00,2023-11-05 17:00:00+00:00,2023-11-05 17:00:00+00:00,"player_receptions,player_reception_yds"
2023,9,2023_09_IND_CAR,CAR,IND,2023-11-05 21:05:00+00:00,2023-11-05 20:05:00+00:00,2023-11-05 20:05:00+00:00,"player_receptions,player_reception_yds"
2023,9,2023_09_NYG_LV,LV,NYG,2023-11-05 21:25:00+00:00,2023-11-05 20:25:00+00:00,2023-11-05 20:25:00+00:00,"player_receptions,player_reception_yds"
2023,9,2023_09_DAL_PHI,PHI,DAL,2023-11-05 21:25:00+00:00,2023-11-05 20:25:00+00:00,2023-11-05 20:25:00+00:00,"player_receptions,player_reception_yds"
2023,9,2023_09_BUF_CIN,CIN,BUF,2023-11-06 01:20:00+00:00,2023-11-06 00:20:00+00:00,2023-11-06 00:20:00+00:00,"player_receptions,player_reception_yds"
2023,9,2023_09_LAC_NYJ,NYJ,LAC,2023-11-07 01:15:00+00:00,2023-11-07 00:15:00+00:00,2023-11-07 00:15:00+00:00,"player_receptions,player_reception_yds"
2023,10,2023_10_CAR_CHI,CHI,CAR,2023-11-10 01:15:00+00:00,2023-11-10 00:15:00+00:00,2023-11-10 00:15:00+00:00,"player_receptions,player_reception_yds"
2023,10,2023_10_IND_NE,NE,IND,2023-11-12 14:30:00+00:00,2023-11-12 13:30:00+00:00,2023-11-12 13:30:00+00:00,"player_receptions,player_reception_yds"
2023,10,2023_10_NO_MIN,MIN,NO,2023-11-12 18:00:00+00:00,2023-11-12 17:00:00+00:00,2023-11-12 17:00:00+00:00,"player_receptions,player_reception_yds"
2023,10,2023_10_TEN_TB,TB,TEN,2023-11-12 18:00:00+00:00,2023-11-12 17:00:00+00:00,2023-11-12 17:00:00+00:00,"player_receptions,player_reception_yds"
2023,10,2023_10_GB_PIT,PIT,GB,2023-11-12 18:00:00+00:00,2023-11-12 17:00:00+00:00,2023-11-12 17:00:00+00:00,"player_receptions,player_reception_yds"
2023,10,2023_10_HOU_CIN,CIN,HOU,2023-11-12 18:00:00+00:00,2023-11-12 17:00:00+00:00,2023-11-12 17:00:00+00:00,"player_receptions,player_reception_yds"
2023,10,2023_10_CLE_BAL,BAL,CLE,2023-11-12 18:00:00+00:00,2023-11-12 17:00:00+00:00,2023-11-12 17:00:00+00:00,"player_receptions,player_reception_yds"
2023,10,2023_10_SF_JAX,JAX,SF,2023-11-12 18:00:00+00:00,2023-11-12 17:00:00+00:00,2023-11-12 17:00:00+00:00,"player_receptions,player_reception_yds"
2023,10,2023_10_ATL_ARI,ARI,ATL,2023-11-12 21:05:00+00:00,2023-11-12 20:05:00+00:00,2023-11-12 20:05:00+00:00,"player_receptions,player_reception_yds"
2023,10,2023_10_DET_LAC,LAC,DET,2023-11-12 21:05:00+00:00,2023-11-12 20:05:00+00:00,2023-11-12 20:05:00+00:00,"player_receptions,player_reception_yds"
2023,10,2023_10_NYG_DAL,DAL,NYG,2023-11-12 21:25:00+00:00,2023-11-12 20:25:00+00:00,2023-11-12 20:25:00+00:00,"player_receptions,player_reception_yds"
2023,10,2023_10_WAS_SEA,SEA,WAS,2023-11-12 21:25:00+00:00,2023-11-12 20:25:00+00:00,2023-11-12 20:25:00+00:00,"player_receptions,player_reception_yds"
2023,10,2023_10_NYJ_LV,LV,NYJ,2023-11-13 01:20:00+00:00,2023-11-13 00:20:00+00:00,2023-11-13 00:20:00+00:00,"player_receptions,player_reception_yds"
2023,10,2023_10_DEN_BUF,BUF,DEN,2023-11-14 01:15:00+00:00,2023-11-14 00:15:00+00:00,2023-11-14 00:15:00+00:00,"player_receptions,player_reception_yds"
2023,11,2023_11_CIN_BAL,BAL,CIN,2023-11-17 01:15:00+00:00,2023-11-17 00:15:00+00:00,2023-11-17 00:15:00+00:00,"player_receptions,player_reception_yds"
2023,11,2023_11_LV_MIA,MIA,LV,2023-11-19 18:00:00+00:00,2023-11-19 17:00:00+00:00,2023-11-19 17:00:00+00:00,"player_receptions,player_reception_yds"
2023,11,2023_11_TEN_JAX,JAX,TEN,2023-11-19 18:00:00+00:00,2023-11-19 17:00:00+00:00,2023-11-19 17:00:00+00:00,"player_receptions,player_reception_yds"
2023,11,2023_11_NYG_WAS,WAS,NYG,2023-11-19 18:00:00+00:00,2023-11-19 17:00:00+00:00,2023-11-19 17:00:00+00:00,"player_receptions,player_reception_yds"
2023,11,2023_11_ARI_HOU,HOU,ARI,2023-11-19 18:00:00+00:00,2023-11-19 17:00:00+00:00,2023-11-19 17:00:00+00:00,"player_receptions,player_reception_yds"
2023,11,2023_11_DAL_CAR,CAR,DAL,2023-11-19 18:00:00+00:00,2023-11-19 17:00:00+00:00,2023-11-19 17:00:00+00:00,"player_receptions,player_reception_yds"
2023,11,2023_11_CHI_DET,DET,CHI,2023-11-19 18:00:00+00:00,2023-11-19 17:00:00+00:00,2023-11-19 17:00:00+00:00,"player_receptions,player_reception_yds"
2023,11,2023_11_PIT_CLE,CLE,PIT,2023-11-19 18:00:00+00:00,2023-11-19 17:00:00+00:00,2023-11-19 17:00:00+00:00,"player_receptions,player_reception_yds"
2023,11,2023_11_LAC_GB,GB,LAC,2023-11-19 18:00:00+00:00,2023-11-19 17:00:00+00:00,2023-11-19 17:00:00+00:00,"player_receptions,player_reception_yds"
2023,11,2023_11_TB_SF,SF,TB,2023-11-19 21:05:00+00:00,2023-11-19 20:05:00+00:00,2023-11-19 20:05:00+00:00,"player_receptions,player_reception_yds"
2023,11,2023_11_NYJ_BUF,BUF,NYJ,2023-11-19 21:25:00+00:00,2023-11-19 20:25:00+00:00,2023-11-19 20:25:00+00:00,"player_receptions,player_reception_yds"
2023,11,2023_11_SEA_LA,LA,SEA,2023-11-19 21:25:00+00:00,2023-11-19 20:25:00+00:00,2023-11-19 20:25:00+00:00,"player_receptions,player_reception_yds"
2023,11,2023_11_MIN_DEN,DEN,MIN,2023-11-20 01:20:00+00:00,2023-11-20 00:20:00+00:00,2023-11-20 00:20:00+00:00,"player_receptions,player_reception_yds"
2023,11,2023_11_PHI_KC,KC,PHI,2023-11-21 01:15:00+00:00,2023-11-21 00:15:00+00:00,2023-11-21 00:15:00+00:00,"player_receptions,player_reception_yds"
2023,12,2023_12_GB_DET,DET,GB,2023-11-23 17:30:00+00:00,2023-11-23 16:30:00+00:00,2023-11-23 16:30:00+00:00,"player_receptions,player_reception_yds"
2023,12,2023_12_WAS_DAL,DAL,WAS,2023-11-23 21:30:00+00:00,2023-11-23 20:30:00+00:00,2023-11-23 20:30:00+00:00,"player_receptions,player_reception_yds"
2023,12,2023_12_SF_SEA,SEA,SF,2023-11-24 01:20:00+00:00,2023-11-24 00:20:00+00:00,2023-11-24 00:20:00+00:00,"player_receptions,player_reception_yds"
2023,12,2023_12_MIA_NYJ,NYJ,MIA,2023-11-24 20:00:00+00:00,2023-11-24 19:00:00+00:00,2023-11-24 19:00:00+00:00,"player_receptions,player_reception_yds"
2023,12,2023_12_NO_ATL,ATL,NO,2023-11-26 18:00:00+00:00,2023-11-26 17:00:00+00:00,2023-11-26 17:00:00+00:00,"player_receptions,player_reception_yds"
2023,12,2023_12_PIT_CIN,CIN,PIT,2023-11-26 18:00:00+00:00,2023-11-26 17:00:00+00:00,2023-11-26 17:00:00+00:00,"player_receptions,player_reception_yds"
2023,12,2023_12_JAX_HOU,HOU,JAX,2023-11-26 18:00:00+00:00,2023-11-26 17:00:00+00:00,2023-11-26 17:00:00+00:00,"player_receptions,player_reception_yds"
2023,12,2023_12_TB_IND,IND,TB,2023-11-26 18:00:00+00:00,2023-11-26 17:00:00+00:00,2023-11-26 17:00:00+00:00,"player_receptions,player_reception_yds"
2023,12,2023_12_NE_NYG,NYG,NE,2023-11-26 18:00:00+00:00,2023-11-26 17:00:00+00:00,2023-11-26 17:00:00+00:00,"player_receptions,player_reception_yds"
2023,12,2023_12_CAR_TEN,TEN,CAR,2023-11-26 18:00:00+00:00,2023-11-26 17:00:00+00:00,2023-11-26 17:00:00+00:00,"player_receptions,player_reception_yds"
2023,12,2023_12_LA_ARI,ARI,LA,2023-11-26 21:05:00+00:00,2023-11-26 20:05:00+00:00,2023-11-26 20:05:00+00:00,"player_receptions,player_reception_yds"
2023,12,2023_12_CLE_DEN,DEN,CLE,2023-11-26 21:05:00+00:00,2023-11-26 20:05:00+00:00,2023-11-26 20:05:00+00:00,"player_receptions,player_reception_yds"
2023,12,2023_12_KC_LV,LV,KC,2023-11-26 21:25:00+00:00,2023-11-26 20:25:00+00:00,2023-11-26 20:25:00+00:00,"player_receptions,player_reception_yds"
2023,12,2023_12_BUF_PHI,PHI,BUF,2023-11-26 21:25:00+00:00,2023-11-26 20:25:00+00:00,2023-11-26 20:25:00+00:00,"player_receptions,player_reception_yds"
2023,12,2023_12_BAL_LAC,LAC,BAL,2023-11-27 01:20:00+00:00,2023-11-27 00:20:00+00:00,2023-11-27 00:20:00+00:00,"player_receptions,player_reception_yds"
2023,12,2023_12_CHI_MIN,MIN,CHI,2023-11-28 01:15:00+00:00,2023-11-28 00:15:00+00:00,2023-11-28 00:15:00+00:00,"player_receptions,player_reception_yds"
2023,13,2023_13_SEA_DAL,DAL,SEA,2023-12-01 01:15:00+00:00,2023-12-01 00:15:00+00:00,2023-12-01 00:15:00+00:00,"player_receptions,player_reception_yds"
2023,13,2023_13_DEN_HOU,HOU,DEN,2023-12-03 18:00:00+00:00,2023-12-03 17:00:00+00:00,2023-12-03 17:00:00+00:00,"player_receptions,player_reception_yds"
2023,13,2023_13_LAC_NE,NE,LAC,2023-12-03 18:00:00+00:00,2023-12-03 17:00:00+00:00,2023-12-03 17:00:00+00:00,"player_receptions,player_reception_yds"
2023,13,2023_13_DET_NO,NO,DET,2023-12-03 18:00:00+00:00,2023-12-03 17:00:00+00:00,2023-12-03 17:00:00+00:00,"player_receptions,player_reception_yds"
2023,13,2023_13_ATL_NYJ,NYJ,ATL,2023-12-03 18:00:00+00:00,2023-12-03 17:00:00+00:00,2023-12-03 17:00:00+00:00,"player_receptions,player_reception_yds"
2023,13,2023_13_ARI_PIT,PIT,ARI,2023-12-03 18:00:00+00:00,2023-12-03 17:00:00+00:00,2023-12-03 17:00:00+00:00,"player_receptions,player_reception_yds"
2023,13,2023_13_IND_TEN,TEN,IND,2023-12-03 18:00:00+00:00,2023-12-03 17:00:00+00:00,2023-12-03 17:00:00+00:00,"player_receptions,player_reception_yds"
2023,13,2023_13_MIA_WAS,WAS,MIA,2023-12-03 18:00:00+00:00,2023-12-03 17:00:00+00:00,2023-12-03 17:00:00+00:00,"player_receptions,player_reception_yds"
2023,13,2023_13_CAR_TB,TB,CAR,2023-12-03 21:05:00+00:00,2023-12-03 20:05:00+00:00,2023-12-03 20:05:00+00:00,"player_receptions,player_reception_yds"
2023,13,2023_13_SF_PHI,PHI,SF,2023-12-03 21:25:00+00:00,2023-12-03 20:25:00+00:00,2023-12-03 20:25:00+00:00,"player_receptions,player_reception_yds"
2023,13,2023_13_CLE_LA,LA,CLE,2023-12-03 21:25:00+00:00,2023-12-03 20:25:00+00:00,2023-12-03 20:25:00+00:00,"player_receptions,player_reception_yds"
2023,13,2023_13_KC_GB,GB,KC,2023-12-04 01:20:00+00:00,2023-12-04 00:20:00+00:00,2023-12-04 00:20:00+00:00,"player_receptions,player_reception_yds"
2023,13,2023_13_CIN_JAX,JAX,CIN,2023-12-05 01:15:00+00:00,2023-12-05 00:15:00+00:00,2023-12-05 00:15:00+00:00,"player_receptions,player_reception_yds"
2023,14,2023_14_NE_PIT,PIT,NE,2023-12-08 01:15:00+00:00,2023-12-08 00:15:00+00:00,2023-12-08 00:15:00+00:00,"player_receptions,player_reception_yds"
2023,14,2023_14_TB_ATL,ATL,TB,2023-12-10 18:00:00+00:00,2023-12-10 17:00:00+00:00,2023-12-10 17:00:00+00:00,"player_receptions,player_reception_yds"
2023,14,2023_14_LA_BAL,BAL,LA,2023-12-10 18:00:00+00:00,2023-12-10 17:00:00+00:00,2023-12-10 17:00:00+00:00,"player_receptions,player_reception_yds"
2023,14,2023_14_DET_CHI,CHI,DET,2023-12-10 18:00:00+00:00,2023-12-10 17:00:00+00:00,2023-12-10 17:00:00+00:00,"player_receptions,player_reception_yds"
2023,14,2023_14_IND_CIN,CIN,IND,2023-12-10 18:00:00+00:00,2023-12-10 17:00:00+00:00,2023-12-10 17:00:00+00:00,"player_receptions,player_reception_yds"
2023,14,2023_14_JAX_CLE,CLE,JAX,2023-12-10 18:00:00+00:00,2023-12-10 17:00:00+00:00,2023-12-10 17:00:00+00:00,"player_receptions,player_reception_yds"
2023,14,2023_14_CAR_NO,NO,CAR,2023-12-10 18:00:00+00:00,2023-12-10 17:00:00+00:00,2023-12-10 17:00:00+00:00,"player_receptions,player_reception_yds"
2023,14,2023_14_HOU_NYJ,NYJ,HOU,2023-12-10 18:00:00+00:00,2023-12-10 17:00:00+00:00,2023-12-10 17:00:00+00:00,"player_receptions,player_reception_yds"
2023,14,2023_14_SEA_SF,SF,SEA,2023-12-10 21:05:00+00:00,2023-12-10 20:05:00+00:00,2023-12-10 20:05:00+00:00,"player_receptions,player_reception_yds"
2023,14,2023_14_MIN_LV,LV,MIN,2023-12-10 21:05:00+00:00,2023-12-10 20:05:00+00:00,2023-12-10 20:05:00+00:00,"player_receptions,player_reception_yds"
2023,14,2023_14_BUF_KC,KC,BUF,2023-12-10 21:25:00+00:00,2023-12-10 20:25:00+00:00,2023-12-10 20:25:00+00:00,"player_receptions,player_reception_yds"
2023,14,2023_14_DEN_LAC,LAC,DEN,2023-12-10 21:25:00+00:00,2023-12-10 20:25:00+00:00,2023-12-10 20:25:00+00:00,"player_receptions,player_reception_yds"
2023,14,2023_14_PHI_DAL,DAL,PHI,2023-12-11 01:20:00+00:00,2023-12-11 00:20:00+00:00,2023-12-11 00:20:00+00:00,"player_receptions,player_reception_yds"
2023,14,2023_14_TEN_MIA,MIA,TEN,2023-12-12 01:15:00+00:00,2023-12-12 00:15:00+00:00,2023-12-12 00:15:00+00:00,"player_receptions,player_reception_yds"
2023,14,2023_14_GB_NYG,NYG,GB,2023-12-12 01:15:00+00:00,2023-12-12 00:15:00+00:00,2023-12-12 00:15:00+00:00,"player_receptions,player_reception_yds"
2023,15,2023_15_LAC_LV,LV,LAC,2023-12-15 01:15:00+00:00,2023-12-15 00:15:00+00:00,2023-12-15 00:15:00+00:00,"player_receptions,player_reception_yds"
2023,15,2023_15_MIN_CIN,CIN,MIN,2023-12-16 18:00:00+00:00,2023-12-16 17:00:00+00:00,2023-12-16 17:00:00+00:00,"player_receptions,player_reception_yds"
2023,15,2023_15_PIT_IND,IND,PIT,2023-12-16 21:30:00+00:00,2023-12-16 20:30:00+00:00,2023-12-16 20:30:00+00:00,"player_receptions,player_reception_yds"
2023,15,2023_15_DEN_DET,DET,DEN,2023-12-17 01:15:00+00:00,2023-12-17 00:15:00+00:00,2023-12-17 00:15:00+00:00,"player_receptions,player_reception_yds"
2023,15,2023_15_HOU_TEN,TEN,HOU,2023-12-17 18:00:00+00:00,2023-12-17 17:00:00+00:00,2023-12-17 17:00:00+00:00,"player_receptions,player_reception_yds"
2023,15,2023_15_NYG_NO,NO,NYG,2023-12-17 18:00:00+00:00,2023-12-17 17:00:00+00:00,2023-12-17 17:00:00+00:00,"player_receptions,player_reception_yds"
2023,15,2023_15_KC_NE,NE,KC,2023-12-17 18:00:00+00:00,2023-12-17 17:00:00+00:00,2023-12-17 17:00:00+00:00,"player_receptions,player_reception_yds"
2023,15,2023_15_CHI_CLE,CLE,CHI,2023-12-17 18:00:00+00:00,2023-12-17 17:00:00+00:00,2023-12-17 17:00:00+00:00,"player_receptions,player_reception_yds"
2023,15,2023_15_TB_GB,GB,TB,2023-12-17 18:00:00+00:00,2023-12-17 17:00:00+00:00,2023-12-17 17:00:00+00:00,"player_receptions,player_reception_yds"
2023,15,2023_15_ATL_CAR,CAR,ATL,2023-12-17 18:00:00+00:00,2023-12-17 17:00:00+00:00,2023-12-17 17:00:00+00:00,"player_receptions,player_reception_yds"
2023,15,2023_15_NYJ_MIA,MIA,NYJ,2023-12-17 18:00:00+00:00,2023-12-17 17:00:00+00:00,2023-12-17 17:00:00+00:00,"player_receptions,player_reception_yds"
2023,15,2023_15_SF_ARI,ARI,SF,2023-12-17 21:05:00+00:00,2023-12-17 20:05:00+00:00,2023-12-17 20:05:00+00:00,"player_receptions,player_reception_yds"
2023,15,2023_15_WAS_LA,LA,WAS,2023-12-17 21:05:00+00:00,2023-12-17 20:05:00+00:00,2023-12-17 20:05:00+00:00,"player_receptions,player_reception_yds"
2023,15,2023_15_DAL_BUF,BUF,DAL,2023-12-17 21:25:00+00:00,2023-12-17 20:25:00+00:00,2023-12-17 20:25:00+00:00,"player_receptions,player_reception_yds"
2023,15,2023_15_BAL_JAX,JAX,BAL,2023-12-18 01:20:00+00:00,2023-12-18 00:20:00+00:00,2023-12-18 00:20:00+00:00,"player_receptions,player_reception_yds"
2023,15,2023_15_PHI_SEA,SEA,PHI,2023-12-19 01:15:00+00:00,2023-12-19 00:15:00+00:00,2023-12-19 00:15:00+00:00,"player_receptions,player_reception_yds"
2023,16,2023_16_NO_LA,LA,NO,2023-12-22 01:15:00+00:00,2023-12-22 00:15:00+00:00,2023-12-22 00:15:00+00:00,"player_receptions,player_reception_yds"
2023,16,2023_16_CIN_PIT,PIT,CIN,2023-12-23 21:30:00+00:00,2023-12-23 20:30:00+00:00,2023-12-23 20:30:00+00:00,"player_receptions,player_reception_yds"
2023,16,2023_16_BUF_LAC,LAC,BUF,2023-12-24 01:00:00+00:00,2023-12-24 00:00:00+00:00,2023-12-24 00:00:00+00:00,"player_receptions,player_reception_yds"
2023,16,2023_16_IND_ATL,ATL,IND,2023-12-24 18:00:00+00:00,2023-12-24 17:00:00+00:00,2023-12-24 17:00:00+00:00,"player_receptions,player_reception_yds"
2023,16,2023_16_GB_CAR,CAR,GB,2023-12-24 18:00:00+00:00,2023-12-24 17:00:00+00:00,2023-12-24 17:00:00+00:00,"player_receptions,player_reception_yds"
2023,16,2023_16_CLE_HOU,HOU,CLE,2023-12-24 18:00:00+00:00,2023-12-24 17:00:00+00:00,2023-12-24 17:00:00+00:00,"player_receptions,player_reception_yds"
2023,16,2023_16_DET_MIN,MIN,DET,2023-12-24 18:00:00+00:00,2023-12-24 17:00:00+00:00,2023-12-24 17:00:00+00:00,"player_receptions,player_reception_yds"
2023,16,2023_16_WAS_NYJ,NYJ,WAS,2023-12-24 18:00:00+00:00,2023-12-24 17:00:00+00:00,2023-12-24 17:00:00+00:00,"player_receptions,player_reception_yds"
2023,16,2023_16_SEA_TEN,TEN,SEA,2023-12-24 18:00:00+00:00,2023-12-24 17:00:00+00:00,2023-12-24 17:00:00+00:00,"player_receptions,player_reception_yds"
2023,16,2023_16_JAX_TB,TB,JAX,2023-12-24 21:05:00+00:00,2023-12-24 20:05:00+00:00,2023-12-24 20:05:00+00:00,"player_receptions,player_reception_yds"
2023,16,2023_16_ARI_CHI,CHI,ARI,2023-12-24 21:25:00+00:00,2023-12-24 20:25:00+00:00,2023-12-24 20:25:00+00:00,"player_receptions,player_reception_yds"
2023,16,2023_16_DAL_MIA,MIA,DAL,2023-12-24 21:25:00+00:00,2023-12-24 20:25:00+00:00,2023-12-24 20:25:00+00:00,"player_receptions,player_reception_yds"
2023,16,2023_16_NE_DEN,DEN,NE,2023-12-25 01:15:00+00:00,2023-12-25 00:15:00+00:00,2023-12-25 00:15:00+00:00,"player_receptions,player_reception_yds"
2023,16,2023_16_LV_KC,KC,LV,2023-12-25 18:00:00+00:00,2023-12-25 17:00:00+00:00,2023-12-25 17:00:00+00:00,"player_receptions,player_reception_yds"
2023,16,2023_16_NYG_PHI,PHI,NYG,2023-12-25 21:30:00+00:00,2023-12-25 20:30:00+00:00,2023-12-25 20:30:00+00:00,"player_receptions,player_reception_yds"
2023,16,2023_16_BAL_SF,SF,BAL,2023-12-26 01:15:00+00:00,2023-12-26 00:15:00+00:00,2023-12-26 00:15:00+00:00,"player_receptions,player_reception_yds"
2023,17,2023_17_NYJ_CLE,CLE,NYJ,2023-12-29 01:15:00+00:00,2023-12-29 00:15:00+00:00,2023-12-29 00:15:00+00:00,"player_receptions,player_reception_yds"
2023,17,2023_17_DET_DAL,DAL,DET,2023-12-31 01:15:00+00:00,2023-12-31 00:15:00+00:00,2023-12-31 00:15:00+00:00,"player_receptions,player_reception_yds"
2023,17,2023_17_MIA_BAL,BAL,MIA,2023-12-31 18:00:00+00:00,2023-12-31 17:00:00+00:00,2023-12-31 17:00:00+00:00,"player_receptions,player_reception_yds"
2023,17,2023_17_NE_BUF,BUF,NE,2023-12-31 18:00:00+00:00,2023-12-31 17:00:00+00:00,2023-12-31 17:00:00+00:00,"player_receptions,player_reception_yds"
2023,17,2023_17_ATL_CHI,CHI,ATL,2023-12-31 18:00:00+00:00,2023-12-31 17:00:00+00:00,2023-12-31 17:00:00+00:00,"player_receptions,player_reception_yds"
2023,17,2023_17_TEN_HOU,HOU,TEN,2023-12-31 18:00:00+00:00,2023-12-31 17:00:00+00:00,2023-12-31 17:00:00+00:00,"player_receptions,player_reception_yds"
2023,17,2023_17_LV_IND,IND,LV,2023-12-31 18:00:00+00:00,2023-12-31 17:00:00+00:00,2023-12-31 17:00:00+00:00,"player_receptions,player_reception_yds"
2023,17,2023_17_CAR_JAX,JAX,CAR,2023-12-31 18:00:00+00:00,2023-12-31 17:00:00+00:00,2023-12-31 17:00:00+00:00,"player_receptions,player_reception_yds"
2023,17,2023_17_LA_NYG,NYG,LA,2023-12-31 18:00:00+00:00,2023-12-31 17:00:00+00:00,2023-12-31 17:00:00+00:00,"player_receptions,player_reception_yds"
2023,17,2023_17_ARI_PHI,PHI,ARI,2023-12-31 18:00:00+00:00,2023-12-31 17:00:00+00:00,2023-12-31 17:00:00+00:00,"player_receptions,player_reception_yds"
2023,17,2023_17_NO_TB,TB,NO,2023-12-31 18:00:00+00:00,2023-12-31 17:00:00+00:00,2023-12-31 17:00:00+00:00,"player_receptions,player_reception_yds"
2023,17,2023_17_SF_WAS,WAS,SF,2023-12-31 18:00:00+00:00,2023-12-31 17:00:00+00:00,2023-12-31 17:00:00+00:00,"player_receptions,player_reception_yds"
2023,17,2023_17_PIT_SEA,SEA,PIT,2023-12-31 21:05:00+00:00,2023-12-31 20:05:00+00:00,2023-12-31 20:05:00+00:00,"player_receptions,player_reception_yds"
2023,17,2023_17_LAC_DEN,DEN,LAC,2023-12-31 21:25:00+00:00,2023-12-31 20:25:00+00:00,2023-12-31 20:25:00+00:00,"player_receptions,player_reception_yds"
2023,17,2023_17_CIN_KC,KC,CIN,2023-12-31 21:25:00+00:00,2023-12-31 20:25:00+00:00,2023-12-31 20:25:00+00:00,"player_receptions,player_reception_yds"
2023,17,2023_17_GB_MIN,MIN,GB,2024-01-01 01:20:00+00:00,2024-01-01 00:20:00+00:00,2024-01-01 00:20:00+00:00,"player_receptions,player_reception_yds"
2023,18,2023_18_PIT_BAL,BAL,PIT,2024-01-06 21:30:00+00:00,2024-01-06 20:30:00+00:00,2024-01-06 20:30:00+00:00,"player_receptions,player_reception_yds"
2023,18,2023_18_HOU_IND,IND,HOU,2024-01-07 01:15:00+00:00,2024-01-07 00:15:00+00:00,2024-01-07 00:15:00+00:00,"player_receptions,player_reception_yds"
2023,18,2023_18_TB_CAR,CAR,TB,2024-01-07 18:00:00+00:00,2024-01-07 17:00:00+00:00,2024-01-07 17:00:00+00:00,"player_receptions,player_reception_yds"
2023,18,2023_18_CLE_CIN,CIN,CLE,2024-01-07 18:00:00+00:00,2024-01-07 17:00:00+00:00,2024-01-07 17:00:00+00:00,"player_receptions,player_reception_yds"
2023,18,2023_18_MIN_DET,DET,MIN,2024-01-07 18:00:00+00:00,2024-01-07 17:00:00+00:00,2024-01-07 17:00:00+00:00,"player_receptions,player_reception_yds"
2023,18,2023_18_NYJ_NE,NE,NYJ,2024-01-07 18:00:00+00:00,2024-01-07 17:00:00+00:00,2024-01-07 17:00:00+00:00,"player_receptions,player_reception_yds"
2023,18,2023_18_ATL_NO,NO,ATL,2024-01-07 18:00:00+00:00,2024-01-07 17:00:00+00:00,2024-01-07 17:00:00+00:00,"player_receptions,player_reception_yds"
2023,18,2023_18_JAX_TEN,TEN,JAX,2024-01-07 18:00:00+00:00,2024-01-07 17:00:00+00:00,2024-01-07 17:00:00+00:00,"player_receptions,player_reception_yds"
2023,18,2023_18_DAL_WAS,WAS,DAL,2024-01-07 21:25:00+00:00,2024-01-07 20:25:00+00:00,2024-01-07 20:25:00+00:00,"player_receptions,player_reception_yds"
2023,18,2023_18_LA_SF,SF,LA,2024-01-07 21:25:00+00:00,2024-01-07 20:25:00+00:00,2024-01-07 20:25:00+00:00,"player_receptions,player_reception_yds"
2023,18,2023_18_PHI_NYG,NYG,PHI,2024-01-07 21:25:00+00:00,2024-01-07 20:25:00+00:00,2024-01-07 20:25:00+00:00,"player_receptions,player_reception_yds"
2023,18,2023_18_CHI_GB,GB,CHI,2024-01-07 21:25:00+00:00,2024-01-07 20:25:00+00:00,2024-01-07 20:25:00+00:00,"player_receptions,player_reception_yds"
2023,18,2023_18_KC_LAC,LAC,KC,2024-01-07 21:25:00+00:00,2024-01-07 20:25:00+00:00,2024-01-07 20:25:00+00:00,"player_receptions,player_reception_yds"
2023,18,2023_18_SEA_ARI,ARI,SEA,2024-01-07 21:25:00+00:00,2024-01-07 20:25:00+00:00,2024-01-07 20:25:00+00:00,"player_receptions,player_reception_yds"
2023,18,2023_18_DEN_LV,LV,DEN,2024-01-07 21:25:00+00:00,2024-01-07 20:25:00+00:00,2024-01-07 20:25:00+00:00,"player_receptions,player_reception_yds"
2023,18,2023_18_BUF_MIA,MIA,BUF,2024-01-08 01:20:00+00:00,2024-01-08 00:20:00+00:00,2024-01-08 00:20:00+00:00,"player_receptions,player_reception_yds"
2024,1,2024_01_BAL_KC,KC,BAL,2024-09-06 00:20:00+00:00,2024-09-05 23:20:00+00:00,2024-09-05 23:20:00+00:00,"player_receptions,player_reception_yds"
2024,1,2024_01_GB_PHI,PHI,GB,2024-09-07 00:15:00+00:00,2024-09-06 23:15:00+00:00,2024-09-06 23:15:00+00:00,"player_receptions,player_reception_yds"
2024,1,2024_01_JAX_MIA,MIA,JAX,2024-09-08 17:00:00+00:00,2024-09-08 16:00:00+00:00,2024-09-08 16:00:00+00:00,"player_receptions,player_reception_yds"
2024,1,2024_01_MIN_NYG,NYG,MIN,2024-09-08 17:00:00+00:00,2024-09-08 16:00:00+00:00,2024-09-08 16:00:00+00:00,"player_receptions,player_reception_yds"
2024,1,2024_01_CAR_NO,NO,CAR,2024-09-08 17:00:00+00:00,2024-09-08 16:00:00+00:00,2024-09-08 16:00:00+00:00,"player_receptions,player_reception_yds"
2024,1,2024_01_HOU_IND,IND,HOU,2024-09-08 17:00:00+00:00,2024-09-08 16:00:00+00:00,2024-09-08 16:00:00+00:00,"player_receptions,player_reception_yds"
2024,1,2024_01_NE_CIN,CIN,NE,2024-09-08 17:00:00+00:00,2024-09-08 16:00:00+00:00,2024-09-08 16:00:00+00:00,"player_receptions,player_reception_yds"
2024,1,2024_01_TEN_CHI,CHI,TEN,2024-09-08 17:00:00+00:00,2024-09-08 16:00:00+00:00,2024-09-08 16:00:00+00:00,"player_receptions,player_reception_yds"
2024,1,2024_01_ARI_BUF,BUF,ARI,2024-09-08 17:00:00+00:00,2024-09-08 16:00:00+00:00,2024-09-08 16:00:00+00:00,"player_receptions,player_reception_yds"
2024,1,2024_01_PIT_ATL,ATL,PIT,2024-09-08 17:00:00+00:00,2024-09-08 16:00:00+00:00,2024-09-08 16:00:00+00:00,"player_receptions,player_reception_yds"
2024,1,2024_01_LV_LAC,LAC,LV,2024-09-08 20:05:00+00:00,2024-09-08 19:05:00+00:00,2024-09-08 19:05:00+00:00,"player_receptions,player_reception_yds"
2024,1,2024_01_DEN_SEA,SEA,DEN,2024-09-08 20:05:00+00:00,2024-09-08 19:05:00+00:00,2024-09-08 19:05:00+00:00,"player_receptions,player_reception_yds"
2024,1,2024_01_DAL_CLE,CLE,DAL,2024-09-08 20:25:00+00:00,2024-09-08 19:25:00+00:00,2024-09-08 19:25:00+00:00,"player_receptions,player_reception_yds"
2024,1,2024_01_WAS_TB,TB,WAS,2024-09-08 20:25:00+00:00,2024-09-08 19:25:00+00:00,2024-09-08 19:25:00+00:00,"player_receptions,player_reception_yds"
2024,1,2024_01_LA_DET,DET,LA,2024-09-09 00:20:00+00:00,2024-09-08 23:20:00+00:00,2024-09-08 23:20:00+00:00,"player_receptions,player_reception_yds"
2024,1,2024_01_NYJ_SF,SF,NYJ,2024-09-10 00:15:00+00:00,2024-09-09 23:15:00+00:00,2024-09-09 23:15:00+00:00,"player_receptions,player_reception_yds"
2024,2,2024_02_BUF_MIA,MIA,BUF,2024-09-13 00:15:00+00:00,2024-09-12 23:15:00+00:00,2024-09-12 23:15:00+00:00,"player_receptions,player_reception_yds"
2024,2,2024_02_NYG_WAS,WAS,NYG,2024-09-15 17:00:00+00:00,2024-09-15 16:00:00+00:00,2024-09-15 16:00:00+00:00,"player_receptions,player_reception_yds"
2024,2,2024_02_NYJ_TEN,TEN,NYJ,2024-09-15 17:00:00+00:00,2024-09-15 16:00:00+00:00,2024-09-15 16:00:00+00:00,"player_receptions,player_reception_yds"
2024,2,2024_02_SEA_NE,NE,SEA,2024-09-15 17:00:00+00:00,2024-09-15 16:00:00+00:00,2024-09-15 16:00:00+00:00,"player_receptions,player_reception_yds"
2024,2,2024_02_SF_MIN,MIN,SF,2024-09-15 17:00:00+00:00,2024-09-15 16:00:00+00:00,2024-09-15 16:00:00+00:00,"player_receptions,player_reception_yds"
2024,2,2024_02_CLE_JAX,JAX,CLE,2024-09-15 17:00:00+00:00,2024-09-15 16:00:00+00:00,2024-09-15 16:00:00+00:00,"player_receptions,player_reception_yds"
2024,2,2024_02_LAC_CAR,CAR,LAC,2024-09-15 17:00:00+00:00,2024-09-15 16:00:00+00:00,2024-09-15 16:00:00+00:00,"player_receptions,player_reception_yds"
2024,2,2024_02_TB_DET,DET,TB,2024-09-15 17:00:00+00:00,2024-09-15 16:00:00+00:00,2024-09-15 16:00:00+00:00,"player_receptions,player_reception_yds"
2024,2,2024_02_NO_DAL,DAL,NO,2024-09-15 17:00:00+00:00,2024-09-15 16:00:00+00:00,2024-09-15 16:00:00+00:00,"player_receptions,player_reception_yds"
2024,2,2024_02_LV_BAL,BAL,LV,2024-09-15 17:00:00+00:00,2024-09-15 16:00:00+00:00,2024-09-15 16:00:00+00:00,"player_receptions,player_reception_yds"
2024,2,2024_02_IND_GB,GB,IND,2024-09-15 17:00:00+00:00,2024-09-15 16:00:00+00:00,2024-09-15 16:00:00+00:00,"player_receptions,player_reception_yds"
2024,2,2024_02_LA_ARI,ARI,LA,2024-09-15 20:05:00+00:00,2024-09-15 19:05:00+00:00,2024-09-15 19:05:00+00:00,"player_receptions,player_reception_yds"
2024,2,2024_02_CIN_KC,KC,CIN,2024-09-15 20:25:00+00:00,2024-09-15 19:25:00+00:00,2024-09-15 19:25:00+00:00,"player_receptions,player_reception_yds"
2024,2,2024_02_PIT_DEN,DEN,PIT,2024-09-15 20:25:00+00:00,2024-09-15 19:25:00+00:00,2024-09-15 19:25:00+00:00,"player_receptions,player_reception_yds"
2024,2,2024_02_CHI_HOU,HOU,CHI,2024-09-16 00:20:00+00:00,2024-09-15 23:20:00+00:00,2024-09-15 23:20:00+00:00,"player_receptions,player_reception_yds"
2024,2,2024_02_ATL_PHI,PHI,ATL,2024-09-17 00:15:00+00:00,2024-09-16 23:15:00+00:00,2024-09-16 23:15:00+00:00,"player_receptions,player_reception_yds"
2024,3,2024_03_NE_NYJ,NYJ,NE,2024-09-20 00:15:00+00:00,2024-09-19 23:15:00+00:00,2024-09-19 23:15:00+00:00,"player_receptions,player_reception_yds"
2024,3,2024_03_NYG_CLE,CLE,NYG,2024-09-22 17:00:00+00:00,2024-09-22 16:00:00+00:00,2024-09-22 16:00:00+00:00,"player_receptions,player_reception_yds"
2024,3,2024_03_CHI_IND,IND,CHI,2024-09-22 17:00:00+00:00,2024-09-22 16:00:00+00:00,2024-09-22 16:00:00+00:00,"player_receptions,player_reception_yds"
2024,3,2024_03_HOU_MIN,MIN,HOU,2024-09-22 17:00:00+00:00,2024-09-22 16:00:00+00:00,2024-09-22 16:00:00+00:00,"player_receptions,player_reception_yds"
2024,3,2024_03_PHI_NO,NO,PHI,2024-09-22 17:00:00+00:00,2024-09-22 16:00:00+00:00,2024-09-22 16:00:00+00:00,"player_receptions,player_reception_yds"
2024,3,2024_03_LAC_PIT,PIT,LAC,2024-09-22 17:00:00+00:00,2024-09-22 16:00:00+00:00,2024-09-22 16:00:00+00:00,"player_receptions,player_reception_yds"
2024,3,2024_03_DEN_TB,TB,DEN,2024-09-22 17:00:00+00:00,2024-09-22 16:00:00+00:00,2024-09-22 16:00:00+00:00,"player_receptions,player_reception_yds"
2024,3,2024_03_GB_TEN,TEN,GB,2024-09-22 17:00:00+00:00,2024-09-22 16:00:00+00:00,2024-09-22 16:00:00+00:00,"player_receptions,player_reception_yds"
2024,3,2024_03_CAR_LV,LV,CAR,2024-09-22 20:05:00+00:00,2024-09-22 19:05:00+00:00,2024-09-22 19:05:00+00:00,"player_receptions,player_reception_yds"
2024,3,2024_03_MIA_SEA,SEA,MIA,2024-09-22 20:05:00+00:00,2024-09-22 19:05:00+00:00,2024-09-22 19:05:00+00:00,"player_receptions,player_reception_yds"
2024,3,2024_03_BAL_DAL,DAL,BAL,2024-09-22 20:25:00+00:00,2024-09-22 19:25:00+00:00,2024-09-22 19:25:00+00:00,"player_receptions,player_reception_yds"
2024,3,2024_03_SF_LA,LA,SF,2024-09-22 20:25:00+00:00,2024-09-22 19:25:00+00:00,2024-09-22 19:25:00+00:00,"player_receptions,player_reception_yds"
2024,3,2024_03_DET_ARI,ARI,DET,2024-09-22 20:25:00+00:00,2024-09-22 19:25:00+00:00,2024-09-22 19:25:00+00:00,"player_receptions,player_reception_yds"
2024,3,2024_03_KC_ATL,ATL,KC,2024-09-23 00:20:00+00:00,2024-09-22 23:20:00+00:00,2024-09-22 23:20:00+00:00,"player_receptions,player_reception_yds"
2024,3,2024_03_JAX_BUF,BUF,JAX,2024-09-23 23:30:00+00:00,2024-09-23 22:30:00+00:00,2024-09-23 22:30:00+00:00,"player_receptions,player_reception_yds"
2024,3,2024_03_WAS_CIN,CIN,WAS,2024-09-24 00:15:00+00:00,2024-09-23 23:15:00+00:00,2024-09-23 23:15:00+00:00,"player_receptions,player_reception_yds"
2024,4,2024_04_DAL_NYG,NYG,DAL,2024-09-27 00:15:00+00:00,2024-09-26 23:15:00+00:00,2024-09-26 23:15:00+00:00,"player_receptions,player_reception_yds"
2024,4,2024_04_PHI_TB,TB,PHI,2024-09-29 17:00:00+00:00,2024-09-29 16:00:00+00:00,2024-09-29 16:00:00+00:00,"player_receptions,player_reception_yds"
2024,4,2024_04_NO_ATL,ATL,NO,2024-09-29 17:00:00+00:00,2024-09-29 16:00:00+00:00,2024-09-29 16:00:00+00:00,"player_receptions,player_reception_yds"
2024,4,2024_04_CIN_CAR,CAR,CIN,2024-09-29 17:00:00+00:00,2024-09-29 16:00:00+00:00,2024-09-29 16:00:00+00:00,"player_receptions,player_reception_yds"
2024,4,2024_04_LA_CHI,CHI,LA,2024-09-29 17:00:00+00:00,2024-09-29 16:00:00+00:00,2024-09-29 16:00:00+00:00,"player_receptions,player_reception_yds"
2024,4,2024_04_MIN_GB,GB,MIN,2024-09-29 17:00:00+00:00,2024-09-29 16:00:00+00:00,2024-09-29 16:00:00+00:00,"player_receptions,player_reception_yds"
2024,4,2024_04_JAX_HOU,HOU,JAX,2024-09-29 17:00:00+00:00,2024-09-29 16:00:00+00:00,2024-09-29 16:00:00+00:00,"player_receptions,player_reception_yds"
2024,4,2024_04_PIT_IND,IND,PIT,2024-09-29 17:00:00+00:00,2024-09-29 16:00:00+00:00,2024-09-29 16:00:00+00:00,"player_receptions,player_reception_yds"
2024,4,2024_04_DEN_NYJ,NYJ,DEN,2024-09-29 17:00:00+00:00,2024-09-29 16:00:00+00:00,2024-09-29 16:00:00+00:00,"player_receptions,player_reception_yds"
2024,4,2024_04_NE_SF,SF,NE,2024-09-29 20:05:00+00:00,2024-09-29 19:05:00+00:00,2024-09-29 19:05:00+00:00,"player_receptions,player_reception_yds"
2024,4,2024_04_WAS_ARI,ARI,WAS,2024-09-29 20:05:00+00:00,2024-09-29 19:05:00+00:00,2024-09-29 19:05:00+00:00,"player_receptions,player_reception_yds"
2024,4,2024_04_KC_LAC,LAC,KC,2024-09-29 20:25:00+00:00,2024-09-29 19:25:00+00:00,2024-09-29 19:25:00+00:00,"player_receptions,player_reception_yds"
2024,4,2024_04_CLE_LV,LV,CLE,2024-09-29 20:25:00+00:00,2024-09-29 19:25:00+00:00,2024-09-29 19:25:00+00:00,"player_receptions,player_reception_yds"
2024,4,2024_04_BUF_BAL,BAL,BUF,2024-09-30 00:20:00+00:00,2024-09-29 23:20:00+00:00,2024-09-29 23:20:00+00:00,"player_receptions,player_reception_yds"
2024,4,2024_04_TEN_MIA,MIA,TEN,2024-09-30 23:30:00+00:00,2024-09-30 22:30:00+00:00,2024-09-30 22:30:00+00:00,"player_receptions,player_reception_yds"
2024,4,2024_04_SEA_DET,DET,SEA,2024-10-01 00:15:00+00:00,2024-09-30 23:15:00+00:00,2024-09-30 23:15:00+00:00,"player_receptions,player_reception_yds"
2024,5,2024_05_TB_ATL,ATL,TB,2024-10-04 00:15:00+00:00,2024-10-03 23:15:00+00:00,2024-10-03 23:15:00+00:00,"player_receptions,player_reception_yds"
2024,5,2024_05_NYJ_MIN,MIN,NYJ,2024-10-06 13:30:00+00:00,2024-10-06 12:30:00+00:00,2024-10-06 12:30:00+00:00,"player_receptions,player_reception_yds"
2024,5,2024_05_CLE_WAS,WAS,CLE,2024-10-06 17:00:00+00:00,2024-10-06 16:00:00+00:00,2024-10-06 16:00:00+00:00,"player_receptions,player_reception_yds"
2024,5,2024_05_IND_JAX,JAX,IND,2024-10-06 17:00:00+00:00,2024-10-06 16:00:00+00:00,2024-10-06 16:00:00+00:00,"player_receptions,player_reception_yds"
2024,5,2024_05_MIA_NE,NE,MIA,2024-10-06 17:00:00+00:00,2024-10-06 16:00:00+00:00,2024-10-06 16:00:00+00:00,"player_receptions,player_reception_yds"
2024,5,2024_05_BAL_CIN,CIN,BAL,2024-10-06 17:00:00+00:00,2024-10-06 16:00:00+00:00,2024-10-06 16:00:00+00:00,"player_receptions,player_reception_yds"
2024,5,2024_05_CAR_CHI,CHI,CAR,2024-10-06 17:00:00+00:00,2024-10-06 16:00:00+00:00,2024-10-06 16:00:00+00:00,"player_receptions,player_reception_yds"
2024,5,2024_05_BUF_HOU,HOU,BUF,2024-10-06 17:00:00+00:00,2024-10-06 16:00:00+00:00,2024-10-06 16:00:00+00:00,"player_receptions,player_reception_yds"
2024,5,2024_05_LV_DEN,DEN,LV,2024-10-06 20:05:00+00:00,2024-10-06 19:05:00+00:00,2024-10-06 19:05:00+00:00,"player_receptions,player_reception_yds"
2024,5,2024_05_ARI_SF,SF,ARI,2024-10-06 20:05:00+00:00,2024-10-06 19:05:00+00:00,2024-10-06 19:05:00+00:00,"player_receptions,player_reception_yds"
2024,5,2024_05_GB_LA,LA,GB,2024-10-06 20:25:00+00:00,2024-10-06 19:25:00+00:00,2024-10-06 19:25:00+00:00,"player_receptions,player_reception_yds"
2024,5,2024_05_NYG_SEA,SEA,NYG,2024-10-06 20:25:00+00:00,2024-10-06 19:25:00+00:00,2024-10-06 19:25:00+00:00,"player_receptions,player_reception_yds"
2024,5,2024_05_DAL_PIT,PIT,DAL,2024-10-07 00:20:00+00:00,2024-10-06 23:20:00+00:00,2024-10-06 23:20:00+00:00,"player_receptions,player_reception_yds"
2024,5,2024_05_NO_KC,KC,NO,2024-10-08 00:15:00+00:00,2024-10-07 23:15:00+00:00,2024-10-07 23:15:00+00:00,"player_receptions,player_reception_yds"
2024,6,2024_06_SF_SEA,SEA,SF,2024-10-11 00:15:00+00:00,2024-10-10 23:15:00+00:00,2024-10-10 23:15:00+00:00,"player_receptions,player_reception_yds"
2024,6,2024_06_JAX_CHI,CHI,JAX,2024-10-13 13:30:00+00:00,2024-10-13 12:30:00+00:00,2024-10-13 12:30:00+00:00,"player_receptions,player_reception_yds"
2024,6,2024_06_CLE_PHI,PHI,CLE,2024-10-13 17:00:00+00:00,2024-10-13 16:00:00+00:00,2024-10-13 16:00:00+00:00,"player_receptions,player_reception_yds"
2024,6,2024_06_IND_TEN,TEN,IND,2024-10-13 17:00:00+00:00,2024-10-13 16:00:00+00:00,2024-10-13 16:00:00+00:00,"player_receptions,player_reception_yds"
2024,6,2024_06_TB_NO,NO,TB,2024-10-13 17:00:00+00:00,2024-10-13 16:00:00+00:00,2024-10-13 16:00:00+00:00,"player_receptions,player_reception_yds"
2024,6,2024_06_ARI_GB,GB,ARI,2024-10-13 17:00:00+00:00,2024-10-13 16:00:00+00:00,2024-10-13 16:00:00+00:00,"player_receptions,player_reception_yds"
2024,6,2024_06_WAS_BAL,BAL,WAS,2024-10-13 17:00:00+00:00,2024-10-13 16:00:00+00:00,2024-10-13 16:00:00+00:00,"player_receptions,player_reception_yds"
2024,6,2024_06_HOU_NE,NE,HOU,2024-10-13 17:00:00+00:00,2024-10-13 16:00:00+00:00,2024-10-13 16:00:00+00:00,"player_receptions,player_reception_yds"
2024,6,2024_06_LAC_DEN,DEN,LAC,2024-10-13 20:05:00+00:00,2024-10-13 19:05:00+00:00,2024-10-13 19:05:00+00:00,"player_receptions,player_reception_yds"
2024,6,2024_06_PIT_LV,LV,PIT,2024-10-13 20:05:00+00:00,2024-10-13 19:05:00+00:00,2024-10-13 19:05:00+00:00,"player_receptions,player_reception_yds"
2024,6,2024_06_ATL_CAR,CAR,ATL,2024-10-13 20:25:00+00:00,2024-10-13 19:25:00+00:00,2024-10-13 19:25:00+00:00,"player_receptions,player_reception_yds"
2024,6,2024_06_DET_DAL,DAL,DET,2024-10-13 20:25:00+00:00,2024-10-13 19:25:00+00:00,2024-10-13 19:25:00+00:00,"player_receptions,player_reception_yds"
2024,6,2024_06_CIN_NYG,NYG,CIN,2024-10-14 00:20:00+00:00,2024-10-13 23:20:00+00:00,2024-10-13 23:20:00+00:00,"player_receptions,player_reception_yds"
2024,6,2024_06_BUF_NYJ,NYJ,BUF,2024-10-15 00:15:00+00:00,2024-10-14 23:15:00+00:00,2024-10-14 23:15:00+00:00,"player_receptions,player_reception_yds"
2024,7,2024_07_DEN_NO,NO,DEN,2024-10-18 00:15:00+00:00,2024-10-17 23:15:00+00:00,2024-10-17 23:15:00+00:00,"player_receptions,player_reception_yds"
2024,7,2024_07_NE_JAX,JAX,NE,2024-10-20 13:30:00+00:00,2024-10-20 12:30:00+00:00,2024-10-20 12:30:00+00:00,"player_receptions,player_reception_yds"
2024,7,2024_07_TEN_BUF,BUF,TEN,2024-10-20 17:00:00+00:00,2024-10-20 16:00:00+00:00,2024-10-20 16:00:00+00:00,"player_receptions,player_reception_yds"
2024,7,2024_07_PHI_NYG,NYG,PHI,2024-10-20 17:00:00+00:00,2024-10-20 16:00:00+00:00,2024-10-20 16:00:00+00:00,"player_receptions,player_reception_yds"
2024,7,2024_07_DET_MIN,MIN,DET,2024-10-20 17:00:00+00:00,2024-10-20 16:00:00+00:00,2024-10-20 16:00:00+00:00,"player_receptions,player_reception_yds"
2024,7,2024_07_MIA_IND,IND,MIA,2024-10-20 17:00:00+00:00,2024-10-20 16:00:00+00:00,2024-10-20 16:00:00+00:00,"player_receptions,player_reception_yds"
2024,7,2024_07_SEA_ATL,ATL,SEA,2024-10-20 17:00:00+00:00,2024-10-20 16:00:00+00:00,2024-10-20 16:00:00+00:00,"player_receptions,player_reception_yds"
2024,7,2024_07_CIN_CLE,CLE,CIN,2024-10-20 17:00:00+00:00,2024-10-20 16:00:00+00:00,2024-10-20 16:00:00+00:00,"player_receptions,player_reception_yds"
2024,7,2024_07_HOU_GB,GB,HOU,2024-10-20 17:00:00+00:00,2024-10-20 16:00:00+00:00,2024-10-20 16:00:00+00:00,"player_receptions,player_reception_yds"
2024,7,2024_07_LV_LA,LA,LV,2024-10-20 20:05:00+00:00,2024-10-20 19:05:00+00:00,2024-10-20 19:05:00+00:00,"player_receptions,player_reception_yds"
2024,7,2024_07_CAR_WAS,WAS,CAR,2024-10-20 20:05:00+00:00,2024-10-20 19:05:00+00:00,2024-10-20 19:05:00+00:00,"player_receptions,player_reception_yds"
2024,7,2024_07_KC_SF,SF,KC,2024-10-20 20:25:00+00:00,2024-10-20 19:25:00+00:00,2024-10-20 19:25:00+00:00,"player_receptions,player_reception_yds"
2024,7,2024_07_NYJ_PIT,PIT,NYJ,2024-10-21 00:20:00+00:00,2024-10-20 23:20:00+00:00,2024-10-20 23:20:00+00:00,"player_receptions,player_reception_yds"
2024,7,2024_07_BAL_TB,TB,BAL,2024-10-22 00:15:00+00:00,2024-10-21 23:15:00+00:00,2024-10-21 23:15:00+00:00,"player_receptions,player_reception_yds"
2024,7,2024_07_LAC_ARI,ARI,LAC,2024-10-22 01:00:00+00:00,2024-10-22 00:00:00+00:00,2024-10-22 00:00:00+00:00,"player_receptions,player_reception_yds"
2024,8,2024_08_MIN_LA,LA,MIN,2024-10-25 00:15:00+00:00,2024-10-24 23:15:00+00:00,2024-10-24 23:15:00+00:00,"player_receptions,player_reception_yds"
2024,8,2024_08_PHI_CIN,CIN,PHI,2024-10-27 17:00:00+00:00,2024-10-27 16:00:00+00:00,2024-10-27 16:00:00+00:00,"player_receptions,player_reception_yds"
2024,8,2024_08_BAL_CLE,CLE,BAL,2024-10-27 17:00:00+00:00,2024-10-27 16:00:00+00:00,2024-10-27 16:00:00+00:00,"player_receptions,player_reception_yds"
2024,8,2024_08_TEN_DET,DET,TEN,2024-10-27 17:00:00+00:00,2024-10-27 16:00:00+00:00,2024-10-27 16:00:00+00:00,"player_receptions,player_reception_yds"
2024,8,2024_08_IND_HOU,HOU,IND,2024-10-27 17:00:00+00:00,2024-10-27 16:00:00+00:00,2024-10-27 16:00:00+00:00,"player_receptions,player_reception_yds"
2024,8,2024_08_GB_JAX,JAX,GB,2024-10-27 17:00:00+00:00,2024-10-27 16:00:00+00:00,2024-10-27 16:00:00+00:00,"player_receptions,player_reception_yds"
2024,8,2024_08_ARI_MIA,MIA,ARI,2024-10-27 17:00:00+00:00,2024-10-27 16:00:00+00:00,2024-10-27 16:00:00+00:00,"player_receptions,player_reception_yds"
2024,8,2024_08_NYJ_NE,NE,NYJ,2024-10-27 17:00:00+00:00,2024-10-27 16:00:00+00:00,2024-10-27 16:00:00+00:00,"player_receptions,player_reception_yds"
2024,8,2024_08_ATL_TB,TB,ATL,2024-10-27 17:00:00+00:00,2024-10-27 16:00:00+00:00,2024-10-27 16:00:00+00:00,"player_receptions,player_reception_yds"
2024,8,2024_08_BUF_SEA,SEA,BUF,2024-10-27 20:05:00+00:00,2024-10-27 19:05:00+00:00,2024-10-27 19:05:00+00:00,"player_receptions,player_reception_yds"
2024,8,2024_08_NO_LAC,LAC,NO,2024-10-27 20:05:00+00:00,2024-10-27 19:05:00+00:00,2024-10-27 19:05:00+00:00,"player_receptions,player_reception_yds"
2024,8,2024_08_CAR_DEN,DEN,CAR,2024-10-27 20:25:00+00:00,2024-10-27 19:25:00+00:00,2024-10-27 19:25:00+00:00,"player_receptions,player_reception_yds"
2024,8,2024_08_KC_LV,LV,KC,2024-10-27 20:25:00+00:00,2024-10-27 19:25:00+00:00,2024-10-27 19:25:00+00:00,"player_receptions,player_reception_yds"
2024,8,2024_08_CHI_WAS,WAS,CHI,2024-10-27 20:25:00+00:00,2024-10-27 19:25:00+00:00,2024-10-27 19:25:00+00:00,"player_receptions,player_reception_yds"
2024,8,2024_08_DAL_SF,SF,DAL,2024-10-28 00:20:00+00:00,2024-10-27 23:20:00+00:00,2024-10-27 23:20:00+00:00,"player_receptions,player_reception_yds"
2024,8,2024_08_NYG_PIT,PIT,NYG,2024-10-29 00:15:00+00:00,2024-10-28 23:15:00+00:00,2024-10-28 23:15:00+00:00,"player_receptions,player_reception_yds"
2024,9,2024_09_HOU_NYJ,NYJ,HOU,2024-11-01 00:15:00+00:00,2024-10-31 23:15:00+00:00,2024-10-31 23:15:00+00:00,"player_receptions,player_reception_yds"
2024,9,2024_09_LV_CIN,CIN,LV,2024-11-03 18:00:00+00:00,2024-11-03 17:00:00+00:00,2024-11-03 17:00:00+00:00,"player_receptions,player_reception_yds"
2024,9,2024_09_LAC_CLE,CLE,LAC,2024-11-03 18:00:00+00:00,2024-11-03 17:00:00+00:00,2024-11-03 17:00:00+00:00,"player_receptions,player_reception_yds"
2024,9,2024_09_NO_CAR,CAR,NO,2024-11-03 18:00:00+00:00,2024-11-03 17:00:00+00:00,2024-11-03 17:00:00+00:00,"player_receptions,player_reception_yds"
2024,9,2024_09_WAS_NYG,NYG,WAS,2024-11-03 18:00:00+00:00,2024-11-03 17:00:00+00:00,2024-11-03 17:00:00+00:00,"player_receptions,player_reception_yds"
2024,9,2024_09_DEN_BAL,BAL,DEN,2024-11-03 18:00:00+00:00,2024-11-03 17:00:00+00:00,2024-11-03 17:00:00+00:00,"player_receptions,player_reception_yds"
2024,9,2024_09_DAL_ATL,ATL,DAL,2024-11-03 18:00:00+00:00,2024-11-03 17:00:00+00:00,2024-11-03 17:00:00+00:00,"player_receptions,player_reception_yds"
2024,9,2024_09_MIA_BUF,BUF,MIA,2024-11-03 18:00:00+00:00,2024-11-03 17:00:00+00:00,2024-11-03 17:00:00+00:00,"player_receptions,player_reception_yds"
2024,9,2024_09_NE_TEN,TEN,NE,2024-11-03 18:00:00+00:00,2024-11-03 17:00:00+00:00,2024-11-03 17:00:00+00:00,"player_receptions,player_reception_yds"
2024,9,2024_09_CHI_ARI,ARI,CHI,2024-11-03 21:05:00+00:00,2024-11-03 20:05:00+00:00,2024-11-03 20:05:00+00:00,"player_receptions,player_reception_yds"
2024,9,2024_09_JAX_PHI,PHI,JAX,2024-11-03 21:05:00+00:00,2024-11-03 20:05:00+00:00,2024-11-03 20:05:00+00:00,"player_receptions,player_reception_yds"
2024,9,2024_09_LA_SEA,SEA,LA,2024-11-03 21:25:00+00:00,2024-11-03 20:25:00+00:00,2024-11-03 20:25:00+00:00,"player_receptions,player_reception_yds"
2024,9,2024_09_DET_GB,GB,DET,2024-11-03 21:25:00+00:00,2024-11-03 20:25:00+00:00,2024-11-03 20:25:00+00:00,"player_receptions,player_reception_yds"
2024,9,2024_09_IND_MIN,MIN,IND,2024-11-04 01:20:00+00:00,2024-11-04 00:20:00+00:00,2024-11-04 00:20:00+00:00,"player_receptions,player_reception_yds"
2024,9,2024_09_TB_KC,KC,TB,2024-11-05 01:15:00+00:00,2024-11-05 00:15:00+00:00,2024-11-05 00:15:00+00:00,"player_receptions,player_reception_yds"
2024,10,2024_10_CIN_BAL,BAL,CIN,2024-11-08 01:15:00+00:00,2024-11-08 00:15:00+00:00,2024-11-08 00:15:00+00:00,"player_receptions,player_reception_yds"
2024,10,2024_10_NYG_CAR,CAR,NYG,2024-11-10 14:30:00+00:00,2024-11-10 13:30:00+00:00,2024-11-10 13:30:00+00:00,"player_receptions,player_reception_yds"
2024,10,2024_10_PIT_WAS,WAS,PIT,2024-11-10 18:00:00+00:00,2024-11-10 17:00:00+00:00,2024-11-10 17:00:00+00:00,"player_receptions,player_reception_yds"
2024,10,2024_10_ATL_NO,NO,ATL,2024-11-10 18:00:00+00:00,2024-11-10 17:00:00+00:00,2024-11-10 17:00:00+00:00,"player_receptions,player_reception_yds"
2024,10,2024_10_DEN_KC,KC,DEN,2024-11-10 18:00:00+00:00,2024-11-10 17:00:00+00:00,2024-11-10 17:00:00+00:00,"player_receptions,player_reception_yds"
2024,10,2024_10_SF_TB,TB,SF,2024-11-10 18:00:00+00:00,2024-11-10 17:00:00+00:00,2024-11-10 17:00:00+00:00,"player_receptions,player_reception_yds"
2024,10,2024_10_BUF_IND,IND,BUF,2024-11-10 18:00:00+00:00,2024-11-10 17:00:00+00:00,2024-11-10 17:00:00+00:00,"player_receptions,player_reception_yds"
2024,10,2024_10_NE_CHI,CHI,NE,2024-11-10 18:00:00+00:00,2024-11-10 17:00:00+00:00,2024-11-10 17:00:00+00:00,"player_receptions,player_reception_yds"
2024,10,2024_10_MIN_JAX,JAX,MIN,2024-11-10 18:00:00+00:00,2024-11-10 17:00:00+00:00,2024-11-10 17:00:00+00:00,"player_receptions,player_reception_yds"
2024,10,2024_10_TEN_LAC,LAC,TEN,2024-11-10 21:05:00+00:00,2024-11-10 20:05:00+00:00,2024-11-10 20:05:00+00:00,"player_receptions,player_reception_yds"
2024,10,2024_10_NYJ_ARI,ARI,NYJ,2024-11-10 21:25:00+00:00,2024-11-10 20:25:00+00:00,2024-11-10 20:25:00+00:00,"player_receptions,player_reception_yds"
2024,10,2024_10_PHI_DAL,DAL,PHI,2024-11-10 21:25:00+00:00,2024-11-10 20:25:00+00:00,2024-11-10 20:25:00+00:00,"player_receptions,player_reception_yds"
2024,10,2024_10_DET_HOU,HOU,DET,2024-11-11 01:20:00+00:00,2024-11-11 00:20:00+00:00,2024-11-11 00:20:00+00:00,"player_receptions,player_reception_yds"
2024,10,2024_10_MIA_LA,LA,MIA,2024-11-12 01:15:00+00:00,2024-11-12 00:15:00+00:00,2024-11-12 00:15:00+00:00,"player_receptions,player_reception_yds"
2024,11,2024_11_WAS_PHI,PHI,WAS,2024-11-15 01:15:00+00:00,2024-11-15 00:15:00+00:00,2024-11-15 00:15:00+00:00,"player_receptions,player_reception_yds"
2024,11,2024_11_IND_NYJ,NYJ,IND,2024-11-17 18:00:00+00:00,2024-11-17 17:00:00+00:00,2024-11-17 17:00:00+00:00,"player_receptions,player_reception_yds"
2024,11,2024_11_BAL_PIT,PIT,BAL,2024-11-17 18:00:00+00:00,2024-11-17 17:00:00+00:00,2024-11-17 17:00:00+00:00,"player_receptions,player_reception_yds"
2024,11,2024_11_CLE_NO,NO,CLE,2024-11-17 18:00:00+00:00,2024-11-17 17:00:00+00:00,2024-11-17 17:00:00+00:00,"player_receptions,player_reception_yds"
2024,11,2024_11_MIN_TEN,TEN,MIN,2024-11-17 18:00:00+00:00,2024-11-17 17:00:00+00:00,2024-11-17 17:00:00+00:00,"player_receptions,player_reception_yds"
2024,11,2024_11_LV_MIA,MIA,LV,2024-11-17 18:00:00+00:00,2024-11-17 17:00:00+00:00,2024-11-17 17:00:00+00:00,"player_receptions,player_reception_yds"
2024,11,2024_11_JAX_DET,DET,JAX,2024-11-17 18:00:00+00:00,2024-11-17 17:00:00+00:00,2024-11-17 17:00:00+00:00,"player_receptions,player_reception_yds"
2024,11,2024_11_GB_CHI,CHI,GB,2024-11-17 18:00:00+00:00,2024-11-17 17:00:00+00:00,2024-11-17 17:00:00+00:00,"player_receptions,player_reception_yds"
2024,11,2024_11_LA_NE,NE,LA,2024-11-17 18:00:00+00:00,2024-11-17 17:00:00+00:00,2024-11-17 17:00:00+00:00,"player_receptions,player_reception_yds"
2024,11,2024_11_ATL_DEN,DEN,ATL,2024-11-17 21:05:00+00:00,2024-11-17 20:05:00+00:00,2024-11-17 20:05:00+00:00,"player_receptions,player_reception_yds"
2024,11,2024_11_SEA_SF,SF,SEA,2024-11-17 21:05:00+00:00,2024-11-17 20:05:00+00:00,2024-11-17 20:05:00+00:00,"player_receptions,player_reception_yds"
2024,11,2024_11_KC_BUF,BUF,KC,2024-11-17 21:25:00+00:00,2024-11-17 20:25:00+00:00,2024-11-17 20:25:00+00:00,"player_receptions,player_reception_yds"
2024,11,2024_11_CIN_LAC,LAC,CIN,2024-11-18 01:20:00+00:00,2024-11-18 00:20:00+00:00,2024-11-18 00:20:00+00:00,"player_receptions,player_reception_yds"
2024,11,2024_11_HOU_DAL,DAL,HOU,2024-11-19 01:15:00+00:00,2024-11-19 00:15:00+00:00,2024-11-19 00:15:00+00:00,"player_receptions,player_reception_yds"
2024,12,2024_12_PIT_CLE,CLE,PIT,2024-11-22 01:15:00+00:00,2024-11-22 00:15:00+00:00,2024-11-22 00:15:00+00:00,"player_receptions,player_reception_yds"
2024,12,2024_12_DAL_WAS,WAS,DAL,2024-11-24 18:00:00+00:00,2024-11-24 17:00:00+00:00,2024-11-24 17:00:00+00:00,"player_receptions,player_reception_yds"
2024,12,2024_12_TB_NYG,NYG,TB,2024-11-24 18:00:00+00:00,2024-11-24 17:00:00+00:00,2024-11-24 17:00:00+00:00,"player_receptions,player_reception_yds"
2024,12,2024_12_DET_IND,IND,DET,2024-11-24 18:00:00+00:00,2024-11-24 17:00:00+00:00,2024-11-24 17:00:00+00:00,"player_receptions,player_reception_yds"
2024,12,2024_12_NE_MIA,MIA,NE,2024-11-24 18:00:00+00:00,2024-11-24 17:00:00+00:00,2024-11-24 17:00:00+00:00,"player_receptions,player_reception_yds"
2024,12,2024_12_MIN_CHI,CHI,MIN,2024-11-24 18:00:00+00:00,2024-11-24 17:00:00+00:00,2024-11-24 17:00:00+00:00,"player_receptions,player_reception_yds"
2024,12,2024_12_KC_CAR,CAR,KC,2024-11-24 18:00:00+00:00,2024-11-24 17:00:00+00:00,2024-11-24 17:00:00+00:00,"player_receptions,player_reception_yds"
2024,12,2024_12_TEN_HOU,HOU,TEN,2024-11-24 18:00:00+00:00,2024-11-24 17:00:00+00:00,2024-11-24 17:00:00+00:00,"player_receptions,player_reception_yds"
2024,12,2024_12_DEN_LV,LV,DEN,2024-11-24 21:05:00+00:00,2024-11-24 20:05:00+00:00,2024-11-24 20:05:00+00:00,"player_receptions,player_reception_yds"
2024,12,2024_12_SF_GB,GB,SF,2024-11-24 21:25:00+00:00,2024-11-24 20:25:00+00:00,2024-11-24 20:25:00+00:00,"player_receptions,player_reception_yds"
2024,12,2024_12_ARI_SEA,SEA,ARI,2024-11-24 21:25:00+00:00,2024-11-24 20:25:00+00:00,2024-11-24 20:25:00+00:00,"player_receptions,player_reception_yds"
2024,12,2024_12_PHI_LA,LA,PHI,2024-11-25 01:20:00+00:00,2024-11-25 00:20:00+00:00,2024-11-25 00:20:00+00:00,"player_receptions,player_reception_yds"
2024,12,2024_12_BAL_LAC,LAC,BAL,2024-11-26 01:15:00+00:00,2024-11-26 00:15:00+00:00,2024-11-26 00:15:00+00:00,"player_receptions,player_reception_yds"
2024,13,2024_13_CHI_DET,DET,CHI,2024-11-28 17:30:00+00:00,2024-11-28 16:30:00+00:00,2024-11-28 16:30:00+00:00,"player_receptions,player_reception_yds"
2024,13,2024_13_NYG_DAL,DAL,NYG,2024-11-28 21:30:00+00:00,2024-11-28 20:30:00+00:00,2024-11-28 20:30:00+00:00,"player_receptions,player_reception_yds"
2024,13,2024_13_MIA_GB,GB,MIA,2024-11-29 01:20:00+00:00,2024-11-29 00:20:00+00:00,2024-11-29 00:20:00+00:00,"player_receptions,player_reception_yds"
2024,13,2024_13_LV_KC,KC,LV,2024-11-29 20:00:00+00:00,2024-11-29 19:00:00+00:00,2024-11-29 19:00:00+00:00,"player_receptions,player_reception_yds"
2024,13,2024_13_SEA_NYJ,NYJ,SEA,2024-12-01 18:00:00+00:00,2024-12-01 17:00:00+00:00,2024-12-01 17:00:00+00:00,"player_receptions,player_reception_yds"
2024,13,2024_13_TEN_WAS,WAS,TEN,2024-12-01 18:00:00+00:00,2024-12-01 17:00:00+00:00,2024-12-01 17:00:00+00:00,"player_receptions,player_reception_yds"
2024,13,2024_13_IND_NE,NE,IND,2024-12-01 18:00:00+00:00,2024-12-01 17:00:00+00:00,2024-12-01 17:00:00+00:00,"player_receptions,player_reception_yds"
2024,13,2024_13_HOU_JAX,JAX,HOU,2024-12-01 18:00:00+00:00,2024-12-01 17:00:00+00:00,2024-12-01 17:00:00+00:00,"player_receptions,player_reception_yds"
2024,13,2024_13_PIT_CIN,CIN,PIT,2024-12-01 18:00:00+00:00,2024-12-01 17:00:00+00:00,2024-12-01 17:00:00+00:00,"player_receptions,player_reception_yds"
2024,13,2024_13_LAC_ATL,ATL,LAC,2024-12-01 18:00:00+00:00,2024-12-01 17:00:00+00:00,2024-12-01 17:00:00+00:00,"player_receptions,player_reception_yds"
2024,13,2024_13_ARI_MIN,MIN,ARI,2024-12-01 18:00:00+00:00,2024-12-01 17:00:00+00:00,2024-12-01 17:00:00+00:00,"player_receptions,player_reception_yds"
2024,13,2024_13_TB_CAR,CAR,TB,2024-12-01 21:05:00+00:00,2024-12-01 20:05:00+00:00,2024-12-01 20:05:00+00:00,"player_receptions,player_reception_yds"
2024,13,2024_13_LA_NO,NO,LA,2024-12-01 21:05:00+00:00,2024-12-01 20:05:00+00:00,2024-12-01 20:05:00+00:00,"player_receptions,player_reception_yds"
2024,13,2024_13_PHI_BAL,BAL,PHI,2024-12-01 21:25:00+00:00,2024-12-01 20:25:00+00:00,2024-12-01 20:25:00+00:00,"player_receptions,player_reception_yds"
2024,13,2024_13_SF_BUF,BUF,SF,2024-12-02 01:20:00+00:00,2024-12-02 00:20:00+00:00,2024-12-02 00:20:00+00:00,"player_receptions,player_reception_yds"
2024,13,2024_13_CLE_DEN,DEN,CLE,2024-12-03 01:15:00+00:00,2024-12-03 00:15:00+00:00,2024-12-03 00:15:00+00:00,"player_receptions,player_reception_yds"
2024,14,2024_14_GB_DET,DET,GB,2024-12-06 01:15:00+00:00,2024-12-06 00:15:00+00:00,2024-12-06 00:15:00+00:00,"player_receptions,player_reception_yds"
2024,14,2024_14_CAR_PHI,PHI,CAR,2024-12-08 18:00:00+00:00,2024-12-08 17:00:00+00:00,2024-12-08 17:00:00+00:00,"player_receptions,player_reception_yds"
2024,14,2024_14_JAX_TEN,TEN,JAX,2024-12-08 18:00:00+00:00,2024-12-08 17:00:00+00:00,2024-12-08 17:00:00+00:00,"player_receptions,player_reception_yds"
2024,14,2024_14_LV_TB,TB,LV,2024-12-08 18:00:00+00:00,2024-12-08 17:00:00+00:00,2024-12-08 17:00:00+00:00,"player_receptions,player_reception_yds"
2024,14,2024_14_CLE_PIT,PIT,CLE,2024-12-08 18:00:00+00:00,2024-12-08 17:00:00+00:00,2024-12-08 17:00:00+00:00,"player_receptions,player_reception_yds"
2024,14,2024_14_NO_NYG,NYG,NO,2024-12-08 18:00:00+00:00,2024-12-08 17:00:00+00:00,2024-12-08 17:00:00+00:00,"player_receptions,player_reception_yds"
2024,14,2024_14_ATL_MIN,MIN,ATL,2024-12-08 18:00:00+00:00,2024-12-08 17:00:00+00:00,2024-12-08 17:00:00+00:00,"player_receptions,player_reception_yds"
2024,14,2024_14_NYJ_MIA,MIA,NYJ,2024-12-08 18:00:00+00:00,2024-12-08 17:00:00+00:00,2024-12-08 17:00:00+00:00,"player_receptions,player_reception_yds"
2024,14,2024_14_SEA_ARI,ARI,SEA,2024-12-08 21:05:00+00:00,2024-12-08 20:05:00+00:00,2024-12-08 20:05:00+00:00,"player_receptions,player_reception_yds"
2024,14,2024_14_BUF_LA,LA,BUF,2024-12-08 21:25:00+00:00,2024-12-08 20:25:00+00:00,2024-12-08 20:25:00+00:00,"player_receptions,player_reception_yds"
2024,14,2024_14_CHI_SF,SF,CHI,2024-12-08 21:25:00+00:00,2024-12-08 20:25:00+00:00,2024-12-08 20:25:00+00:00,"player_receptions,player_reception_yds"
2024,14,2024_14_LAC_KC,KC,LAC,2024-12-09 01:20:00+00:00,2024-12-09 00:20:00+00:00,2024-12-09 00:20:00+00:00,"player_receptions,player_reception_yds"
2024,14,2024_14_CIN_DAL,DAL,CIN,2024-12-10 01:15:00+00:00,2024-12-10 00:15:00+00:00,2024-12-10 00:15:00+00:00,"player_receptions,player_reception_yds"
2024,15,2024_15_LA_SF,SF,LA,2024-12-13 01:15:00+00:00,2024-12-13 00:15:00+00:00,2024-12-13 00:15:00+00:00,"player_receptions,player_reception_yds"
2024,15,2024_15_BAL_NYG,NYG,BAL,2024-12-15 18:00:00+00:00,2024-12-15 17:00:00+00:00,2024-12-15 17:00:00+00:00,"player_receptions,player_reception_yds"
2024,15,2024_15_MIA_HOU,HOU,MIA,2024-12-15 18:00:00+00:00,2024-12-15 17:00:00+00:00,2024-12-15 17:00:00+00:00,"player_receptions,player_reception_yds"
2024,15,2024_15_CIN_TEN,TEN,CIN,2024-12-15 18:00:00+00:00,2024-12-15 17:00:00+00:00,2024-12-15 17:00:00+00:00,"player_receptions,player_reception_yds"
2024,15,2024_15_WAS_NO,NO,WAS,2024-12-15 18:00:00+00:00,2024-12-15 17:00:00+00:00,2024-12-15 17:00:00+00:00,"player_receptions,player_reception_yds"
2024,15,2024_15_KC_CLE,CLE,KC,2024-12-15 18:00:00+00:00,2024-12-15 17:00:00+00:00,2024-12-15 17:00:00+00:00,"player_receptions,player_reception_yds"
2024,15,2024_15_DAL_CAR,CAR,DAL,2024-12-15 18:00:00+00:00,2024-12-15 17:00:00+00:00,2024-12-15 17:00:00+00:00,"player_receptions,player_reception_yds"
2024,15,2024_15_NYJ_JAX,JAX,NYJ,2024-12-15 18:00:00+00:00,2024-12-15 17:00:00+00:00,2024-12-15 17:00:00+00:00,"player_receptions,player_reception_yds"
2024,15,2024_15_NE_ARI,ARI,NE,2024-12-15 21:25:00+00:00,2024-12-15 20:25:00+00:00,2024-12-15 20:25:00+00:00,"player_receptions,player_reception_yds"
2024,15,2024_15_IND_DEN,DEN,IND,2024-12-15 21:25:00+00:00,2024-12-15 20:25:00+00:00,2024-12-15 20:25:00+00:00,"player_receptions,player_reception_yds"
2024,15,2024_15_BUF_DET,DET,BUF,2024-12-15 21:25:00+00:00,2024-12-15 20:25:00+00:00,2024-12-15 20:25:00+00:00,"player_receptions,player_reception_yds"
2024,15,2024_15_TB_LAC,LAC,TB,2024-12-15 21:25:00+00:00,2024-12-15 20:25:00+00:00,2024-12-15 20:25:00+00:00,"player_receptions,player_reception_yds"
2024,15,2024_15_PIT_PHI,PHI,PIT,2024-12-15 21:25:00+00:00,2024-12-15 20:25:00+00:00,2024-12-15 20:25:00+00:00,"player_receptions,player_reception_yds"
2024,15,2024_15_GB_SEA,SEA,GB,2024-12-16 01:20:00+00:00,2024-12-16 00:20:00+00:00,2024-12-16 00:20:00+00:00,"player_receptions,player_reception_yds"
2024,15,2024_15_CHI_MIN,MIN,CHI,2024-12-17 01:00:00+00:00,2024-12-17 00:00:00+00:00,2024-12-17 00:00:00+00:00,"player_receptions,player_reception_yds"
2024,15,2024_15_ATL_LV,LV,ATL,2024-12-17 01:30:00+00:00,2024-12-17 00:30:00+00:00,2024-12-17 00:30:00+00:00,"player_receptions,player_reception_yds"
2024,16,2024_16_DEN_LAC,LAC,DEN,2024-12-20 01:15:00+00:00,2024-12-20 00:15:00+00:00,2024-12-20 00:15:00+00:00,"player_receptions,player_reception_yds"
2024,16,2024_16_HOU_KC,KC,HOU,2024-12-21 18:00:00+00:00,2024-12-21 17:00:00+00:00,2024-12-21 17:00:00+00:00,"player_receptions,player_reception_yds"
2024,16,2024_16_PIT_BAL,BAL,PIT,2024-12-21 21:30:00+00:00,2024-12-21 20:30:00+00:00,2024-12-21 20:30:00+00:00,"player_receptions,player_reception_yds"
2024,16,2024_16_TEN_IND,IND,TEN,2024-12-22 18:00:00+00:00,2024-12-22 17:00:00+00:00,2024-12-22 17:00:00+00:00,"player_receptions,player_reception_yds"
2024,16,2024_16_CLE_CIN,CIN,CLE,2024-12-22 18:00:00+00:00,2024-12-22 17:00:00+00:00,2024-12-22 17:00:00+00:00,"player_receptions,player_reception_yds"
2024,16,2024_16_LA_NYJ,NYJ,LA,2024-12-22 18:00:00+00:00,2024-12-22 17:00:00+00:00,2024-12-22 17:00:00+00:00,"player_receptions,player_reception_yds"
2024,16,2024_16_ARI_CAR,CAR,ARI,2024-12-22 18:00:00+00:00,2024-12-22 17:00:00+00:00,2024-12-22 17:00:00+00:00,"player_receptions,player_reception_yds"
2024,16,2024_16_NYG_ATL,ATL,NYG,2024-12-22 18:00:00+00:00,2024-12-22 17:00:00+00:00,2024-12-22 17:00:00+00:00,"player_receptions,player_reception_yds"
2024,16,2024_16_DET_CHI,CHI,DET,2024-12-22 18:00:00+00:00,2024-12-22 17:00:00+00:00,2024-12-22 17:00:00+00:00,"player_receptions,player_reception_yds"
2024,16,2024_16_PHI_WAS,WAS,PHI,2024-12-22 18:00:00+00:00,2024-12-22 17:00:00+00:00,2024-12-22 17:00:00+00:00,"player_receptions,player_reception_yds"
2024,16,2024_16_MIN_SEA,SEA,MIN,2024-12-22 21:05:00+00:00,2024-12-22 20:05:00+00:00,2024-12-22 20:05:00+00:00,"player_receptions,player_reception_yds"
2024,16,2024_16_SF_MIA,MIA,SF,2024-12-22 21:25:00+00:00,2024-12-22 20:25:00+00:00,2024-12-22 20:25:00+00:00,"player_receptions,player_reception_yds"
2024,16,2024_16_NE_BUF,BUF,NE,2024-12-22 21:25:00+00:00,2024-12-22 20:25:00+00:00,2024-12-22 20:25:00+00:00,"player_receptions,player_reception_yds"
2024,16,2024_16_JAX_LV,LV,JAX,2024-12-22 21:25:00+00:00,2024-12-22 20:25:00+00:00,2024-12-22 20:25:00+00:00,"player_receptions,player_reception_yds"
2024,16,2024_16_TB_DAL,DAL,TB,2024-12-23 01:20:00+00:00,2024-12-23 00:20:00+00:00,2024-12-23 00:20:00+00:00,"player_receptions,player_reception_yds"
2024,16,2024_16_NO_GB,GB,NO,2024-12-24 01:15:00+00:00,2024-12-24 00:15:00+00:00,2024-12-24 00:15:00+00:00,"player_receptions,player_reception_yds"
2024,17,2024_17_KC_PIT,PIT,KC,2024-12-25 18:00:00+00:00,2024-12-25 17:00:00+00:00,2024-12-25 17:00:00+00:00,"player_receptions,player_reception_yds"
2024,17,2024_17_BAL_HOU,HOU,BAL,2024-12-25 21:30:00+00:00,2024-12-25 20:30:00+00:00,2024-12-25 20:30:00+00:00,"player_receptions,player_reception_yds"
2024,17,2024_17_SEA_CHI,CHI,SEA,2024-12-27 01:15:00+00:00,2024-12-27 00:15:00+00:00,2024-12-27 00:15:00+00:00,"player_receptions,player_reception_yds"
2024,17,2024_17_LAC_NE,NE,LAC,2024-12-28 18:00:00+00:00,2024-12-28 17:00:00+00:00,2024-12-28 17:00:00+00:00,"player_receptions,player_reception_yds"
2024,17,2024_17_DEN_CIN,CIN,DEN,2024-12-28 21:30:00+00:00,2024-12-28 20:30:00+00:00,2024-12-28 20:30:00+00:00,"player_receptions,player_reception_yds"
2024,17,2024_17_ARI_LA,LA,ARI,2024-12-29 01:15:00+00:00,2024-12-29 00:15:00+00:00,2024-12-29 00:15:00+00:00,"player_receptions,player_reception_yds"
2024,17,2024_17_CAR_TB,TB,CAR,2024-12-29 18:00:00+00:00,2024-12-29 17:00:00+00:00,2024-12-29 17:00:00+00:00,"player_receptions,player_reception_yds"
2024,17,2024_17_DAL_PHI,PHI,DAL,2024-12-29 18:00:00+00:00,2024-12-29 17:00:00+00:00,2024-12-29 17:00:00+00:00,"player_receptions,player_reception_yds"
2024,17,2024_17_IND_NYG,NYG,IND,2024-12-29 18:00:00+00:00,2024-12-29 17:00:00+00:00,2024-12-29 17:00:00+00:00,"player_receptions,player_reception_yds"
2024,17,2024_17_TEN_JAX,JAX,TEN,2024-12-29 18:00:00+00:00,2024-12-29 17:00:00+00:00,2024-12-29 17:00:00+00:00,"player_receptions,player_reception_yds"
2024,17,2024_17_NYJ_BUF,BUF,NYJ,2024-12-29 18:00:00+00:00,2024-12-29 17:00:00+00:00,2024-12-29 17:00:00+00:00,"player_receptions,player_reception_yds"
2024,17,2024_17_LV_NO,NO,LV,2024-12-29 18:00:00+00:00,2024-12-29 17:00:00+00:00,2024-12-29 17:00:00+00:00,"player_receptions,player_reception_yds"
2024,17,2024_17_MIA_CLE,CLE,MIA,2024-12-29 21:05:00+00:00,2024-12-29 20:05:00+00:00,2024-12-29 20:05:00+00:00,"player_receptions,player_reception_yds"
2024,17,2024_17_GB_MIN,MIN,GB,2024-12-29 21:25:00+00:00,2024-12-29 20:25:00+00:00,2024-12-29 20:25:00+00:00,"player_receptions,player_reception_yds"
2024,17,2024_17_ATL_WAS,WAS,ATL,2024-12-30 01:20:00+00:00,2024-12-30 00:20:00+00:00,2024-12-30 00:20:00+00:00,"player_receptions,player_reception_yds"
2024,17,2024_17_DET_SF,SF,DET,2024-12-31 01:15:00+00:00,2024-12-31 00:15:00+00:00,2024-12-31 00:15:00+00:00,"player_receptions,player_reception_yds"
2024,18,2024_18_CLE_BAL,BAL,CLE,2025-01-04 21:30:00+00:00,2025-01-04 20:30:00+00:00,2025-01-04 20:30:00+00:00,"player_receptions,player_reception_yds"
2024,18,2024_18_CIN_PIT,PIT,CIN,2025-01-05 01:00:00+00:00,2025-01-05 00:00:00+00:00,2025-01-05 00:00:00+00:00,"player_receptions,player_reception_yds"
2024,18,2024_18_NYG_PHI,PHI,NYG,2025-01-05 18:00:00+00:00,2025-01-05 17:00:00+00:00,2025-01-05 17:00:00+00:00,"player_receptions,player_reception_yds"
2024,18,2024_18_HOU_TEN,TEN,HOU,2025-01-05 18:00:00+00:00,2025-01-05 17:00:00+00:00,2025-01-05 17:00:00+00:00,"player_receptions,player_reception_yds"
2024,18,2024_18_NO_TB,TB,NO,2025-01-05 18:00:00+00:00,2025-01-05 17:00:00+00:00,2025-01-05 17:00:00+00:00,"player_receptions,player_reception_yds"
2024,18,2024_18_BUF_NE,NE,BUF,2025-01-05 18:00:00+00:00,2025-01-05 17:00:00+00:00,2025-01-05 17:00:00+00:00,"player_receptions,player_reception_yds"
2024,18,2024_18_JAX_IND,IND,JAX,2025-01-05 18:00:00+00:00,2025-01-05 17:00:00+00:00,2025-01-05 17:00:00+00:00,"player_receptions,player_reception_yds"
2024,18,2024_18_CHI_GB,GB,CHI,2025-01-05 18:00:00+00:00,2025-01-05 17:00:00+00:00,2025-01-05 17:00:00+00:00,"player_receptions,player_reception_yds"
2024,18,2024_18_WAS_DAL,DAL,WAS,2025-01-05 18:00:00+00:00,2025-01-05 17:00:00+00:00,2025-01-05 17:00:00+00:00,"player_receptions,player_reception_yds"
2024,18,2024_18_CAR_ATL,ATL,CAR,2025-01-05 18:00:00+00:00,2025-01-05 17:00:00+00:00,2025-01-05 17:00:00+00:00,"player_receptions,player_reception_yds"
2024,18,2024_18_SF_ARI,ARI,SF,2025-01-05 21:25:00+00:00,2025-01-05 20:25:00+00:00,2025-01-05 20:25:00+00:00,"player_receptions,player_reception_yds"
2024,18,2024_18_KC_DEN,DEN,KC,2025-01-05 21:25:00+00:00,2025-01-05 20:25:00+00:00,2025-01-05 20:25:00+00:00,"player_receptions,player_reception_yds"
2024,18,2024_18_SEA_LA,LA,SEA,2025-01-05 21:25:00+00:00,2025-01-05 20:25:00+00:00,2025-01-05 20:25:00+00:00,"player_receptions,player_reception_yds"
2024,18,2024_18_LAC_LV,LV,LAC,2025-01-05 21:25:00+00:00,2025-01-05 20:25:00+00:00,2025-01-05 20:25:00+00:00,"player_receptions,player_reception_yds"
2024,18,2024_18_MIA_NYJ,NYJ,MIA,2025-01-05 21:25:00+00:00,2025-01-05 20:25:00+00:00,2025-01-05 20:25:00+00:00,"player_receptions,player_reception_yds"
2024,18,2024_18_MIN_DET,DET,MIN,2025-01-06 01:20:00+00:00,2025-01-06 00:20:00+00:00,2025-01-06 00:20:00+00:00,"player_receptions,player_reception_yds"
2025,1,2025_01_DAL_PHI,PHI,DAL,2025-09-05 00:20:00+00:00,2025-09-04 23:20:00+00:00,2025-09-04 23:20:00+00:00,"player_receptions,player_reception_yds"
2025,1,2025_01_KC_LAC,LAC,KC,2025-09-06 00:00:00+00:00,2025-09-05 23:00:00+00:00,2025-09-05 23:00:00+00:00,"player_receptions,player_reception_yds"
2025,1,2025_01_NYG_WAS,WAS,NYG,2025-09-07 17:00:00+00:00,2025-09-07 16:00:00+00:00,2025-09-07 16:00:00+00:00,"player_receptions,player_reception_yds"
2025,1,2025_01_PIT_NYJ,NYJ,PIT,2025-09-07 17:00:00+00:00,2025-09-07 16:00:00+00:00,2025-09-07 16:00:00+00:00,"player_receptions,player_reception_yds"
2025,1,2025_01_ARI_NO,NO,ARI,2025-09-07 17:00:00+00:00,2025-09-07 16:00:00+00:00,2025-09-07 16:00:00+00:00,"player_receptions,player_reception_yds"
2025,1,2025_01_LV_NE,NE,LV,2025-09-07 17:00:00+00:00,2025-09-07 16:00:00+00:00,2025-09-07 16:00:00+00:00,"player_receptions,player_reception_yds"
2025,1,2025_01_TB_ATL,ATL,TB,2025-09-07 17:00:00+00:00,2025-09-07 16:00:00+00:00,2025-09-07 16:00:00+00:00,"player_receptions,player_reception_yds"
2025,1,2025_01_MIA_IND,IND,MIA,2025-09-07 17:00:00+00:00,2025-09-07 16:00:00+00:00,2025-09-07 16:00:00+00:00,"player_receptions,player_reception_yds"
2025,1,2025_01_CIN_CLE,CLE,CIN,2025-09-07 17:00:00+00:00,2025-09-07 16:00:00+00:00,2025-09-07 16:00:00+00:00,"player_receptions,player_reception_yds"
2025,1,2025_01_CAR_JAX,JAX,CAR,2025-09-07 17:00:00+00:00,2025-09-07 16:00:00+00:00,2025-09-07 16:00:00+00:00,"player_receptions,player_reception_yds"
2025,1,2025_01_TEN_DEN,DEN,TEN,2025-09-07 20:05:00+00:00,2025-09-07 19:05:00+00:00,2025-09-07 19:05:00+00:00,"player_receptions,player_reception_yds"
2025,1,2025_01_SF_SEA,SEA,SF,2025-09-07 20:05:00+00:00,2025-09-07 19:05:00+00:00,2025-09-07 19:05:00+00:00,"player_receptions,player_reception_yds"
2025,1,2025_01_DET_GB,GB,DET,2025-09-07 20:25:00+00:00,2025-09-07 19:25:00+00:00,2025-09-07 19:25:00+00:00,"player_receptions,player_reception_yds"
2025,1,2025_01_HOU_LA,LA,HOU,2025-09-07 20:25:00+00:00,2025-09-07 19:25:00+00:00,2025-09-07 19:25:00+00:00,"player_receptions,player_reception_yds"
2025,1,2025_01_BAL_BUF,BUF,BAL,2025-09-08 00:20:00+00:00,2025-09-07 23:20:00+00:00,2025-09-07 23:20:00+00:00,"player_receptions,player_reception_yds"
2025,1,2025_01_MIN_CHI,CHI,MIN,2025-09-09 00:15:00+00:00,2025-09-08 23:15:00+00:00,2025-09-08 23:15:00+00:00,"player_receptions,player_reception_yds"
2025,2,2025_02_WAS_GB,GB,WAS,2025-09-12 00:15:00+00:00,2025-09-11 23:15:00+00:00,2025-09-11 23:15:00+00:00,"player_receptions,player_reception_yds"
2025,2,2025_02_SEA_PIT,PIT,SEA,2025-09-14 17:00:00+00:00,2025-09-14 16:00:00+00:00,2025-09-14 16:00:00+00:00,"player_receptions,player_reception_yds"
2025,2,2025_02_BUF_NYJ,NYJ,BUF,2025-09-14 17:00:00+00:00,2025-09-14 16:00:00+00:00,2025-09-14 16:00:00+00:00,"player_receptions,player_reception_yds"
2025,2,2025_02_SF_NO,NO,SF,2025-09-14 17:00:00+00:00,2025-09-14 16:00:00+00:00,2025-09-14 16:00:00+00:00,"player_receptions,player_reception_yds"
2025,2,2025_02_NE_MIA,MIA,NE,2025-09-14 17:00:00+00:00,2025-09-14 16:00:00+00:00,2025-09-14 16:00:00+00:00,"player_receptions,player_reception_yds"
2025,2,2025_02_LA_TEN,TEN,LA,2025-09-14 17:00:00+00:00,2025-09-14 16:00:00+00:00,2025-09-14 16:00:00+00:00,"player_receptions,player_reception_yds"
2025,2,2025_02_NYG_DAL,DAL,NYG,2025-09-14 17:00:00+00:00,2025-09-14 16:00:00+00:00,2025-09-14 16:00:00+00:00,"player_receptions,player_reception_yds"
2025,2,2025_02_JAX_CIN,CIN,JAX,2025-09-14 17:00:00+00:00,2025-09-14 16:00:00+00:00,2025-09-14 16:00:00+00:00,"player_receptions,player_reception_yds"
2025,2,2025_02_CLE_BAL,BAL,CLE,2025-09-14 17:00:00+00:00,2025-09-14 16:00:00+00:00,2025-09-14 16:00:00+00:00,"player_receptions,player_reception_yds"
2025,2,2025_02_CHI_DET,DET,CHI,2025-09-14 17:00:00+00:00,2025-09-14 16:00:00+00:00,2025-09-14 16:00:00+00:00,"player_receptions,player_reception_yds"
2025,2,2025_02_CAR_ARI,ARI,CAR,2025-09-14 20:05:00+00:00,2025-09-14 19:05:00+00:00,2025-09-14 19:05:00+00:00,"player_receptions,player_reception_yds"
2025,2,2025_02_DEN_IND,IND,DEN,2025-09-14 20:05:00+00:00,2025-09-14 19:05:00+00:00,2025-09-14 19:05:00+00:00,"player_receptions,player_reception_yds"
2025,2,2025_02_PHI_KC,KC,PHI,2025-09-14 20:25:00+00:00,2025-09-14 19:25:00+00:00,2025-09-14 19:25:00+00:00,"player_receptions,player_reception_yds"
2025,2,2025_02_ATL_MIN,MIN,ATL,2025-09-15 00:20:00+00:00,2025-09-14 23:20:00+00:00,2025-09-14 23:20:00+00:00,"player_receptions,player_reception_yds"
2025,2,2025_02_TB_HOU,HOU,TB,2025-09-15 23:00:00+00:00,2025-09-15 22:00:00+00:00,2025-09-15 22:00:00+00:00,"player_receptions,player_reception_yds"
2025,2,2025_02_LAC_LV,LV,LAC,2025-09-16 02:00:00+00:00,2025-09-16 01:00:00+00:00,2025-09-16 01:00:00+00:00,"player_receptions,player_reception_yds"
2025,3,2025_03_MIA_BUF,BUF,MIA,2025-09-19 00:15:00+00:00,2025-09-18 23:15:00+00:00,2025-09-18 23:15:00+00:00,"player_receptions,player_reception_yds"
2025,3,2025_03_NYJ_TB,TB,NYJ,2025-09-21 17:00:00+00:00,2025-09-21 16:00:00+00:00,2025-09-21 16:00:00+00:00,"player_receptions,player_reception_yds"
2025,3,2025_03_LV_WAS,WAS,LV,2025-09-21 17:00:00+00:00,2025-09-21 16:00:00+00:00,2025-09-21 16:00:00+00:00,"player_receptions,player_reception_yds"
2025,3,2025_03_IND_TEN,TEN,IND,2025-09-21 17:00:00+00:00,2025-09-21 16:00:00+00:00,2025-09-21 16:00:00+00:00,"player_receptions,player_reception_yds"
2025,3,2025_03_PIT_NE,NE,PIT,2025-09-21 17:00:00+00:00,2025-09-21 16:00:00+00:00,2025-09-21 16:00:00+00:00,"player_receptions,player_reception_yds"
2025,3,2025_03_LA_PHI,PHI,LA,2025-09-21 17:00:00+00:00,2025-09-21 16:00:00+00:00,2025-09-21 16:00:00+00:00,"player_receptions,player_reception_yds"
2025,3,2025_03_HOU_JAX,JAX,HOU,2025-09-21 17:00:00+00:00,2025-09-21 16:00:00+00:00,2025-09-21 16:00:00+00:00,"player_receptions,player_reception_yds"
2025,3,2025_03_GB_CLE,CLE,GB,2025-09-21 17:00:00+00:00,2025-09-21 16:00:00+00:00,2025-09-21 16:00:00+00:00,"player_receptions,player_reception_yds"
2025,3,2025_03_ATL_CAR,CAR,ATL,2025-09-21 17:00:00+00:00,2025-09-21 16:00:00+00:00,2025-09-21 16:00:00+00:00,"player_receptions,player_reception_yds"
2025,3,2025_03_CIN_MIN,MIN,CIN,2025-09-21 17:00:00+00:00,2025-09-21 16:00:00+00:00,2025-09-21 16:00:00+00:00,"player_receptions,player_reception_yds"
2025,3,2025_03_DEN_LAC,LAC,DEN,2025-09-21 20:05:00+00:00,2025-09-21 19:05:00+00:00,2025-09-21 19:05:00+00:00,"player_receptions,player_reception_yds"
2025,3,2025_03_NO_SEA,SEA,NO,2025-09-21 20:05:00+00:00,2025-09-21 19:05:00+00:00,2025-09-21 19:05:00+00:00,"player_receptions,player_reception_yds"
2025,3,2025_03_DAL_CHI,CHI,DAL,2025-09-21 20:25:00+00:00,2025-09-21 19:25:00+00:00,2025-09-21 19:25:00+00:00,"player_receptions,player_reception_yds"
2025,3,2025_03_ARI_SF,SF,ARI,2025-09-21 20:25:00+00:00,2025-09-21 19:25:00+00:00,2025-09-21 19:25:00+00:00,"player_receptions,player_reception_yds"
2025,3,2025_03_KC_NYG,NYG,KC,2025-09-22 00:20:00+00:00,2025-09-21 23:20:00+00:00,2025-09-21 23:20:00+00:00,"player_receptions,player_reception_yds"
2025,3,2025_03_DET_BAL,BAL,DET,2025-09-23 00:15:00+00:00,2025-09-22 23:15:00+00:00,2025-09-22 23:15:00+00:00,"player_receptions,player_reception_yds"
2025,4,2025_04_SEA_ARI,ARI,SEA,2025-09-26 00:15:00+00:00,2025-09-25 23:15:00+00:00,2025-09-25 23:15:00+00:00,"player_receptions,player_reception_yds"
2025,4,2025_04_MIN_PIT,PIT,MIN,2025-09-28 13:30:00+00:00,2025-09-28 12:30:00+00:00,2025-09-28 12:30:00+00:00,"player_receptions,player_reception_yds"
2025,4,2025_04_WAS_ATL,ATL,WAS,2025-09-28 17:00:00+00:00,2025-09-28 16:00:00+00:00,2025-09-28 16:00:00+00:00,"player_receptions,player_reception_yds"
2025,4,2025_04_NO_BUF,BUF,NO,2025-09-28 17:00:00+00:00,2025-09-28 16:00:00+00:00,2025-09-28 16:00:00+00:00,"player_receptions,player_reception_yds"
2025,4,2025_04_CLE_DET,DET,CLE,2025-09-28 17:00:00+00:00,2025-09-28 16:00:00+00:00,2025-09-28 16:00:00+00:00,"player_receptions,player_reception_yds"
2025,4,2025_04_TEN_HOU,HOU,TEN,2025-09-28 17:00:00+00:00,2025-09-28 16:00:00+00:00,2025-09-28 16:00:00+00:00,"player_receptions,player_reception_yds"
2025,4,2025_04_CAR_NE,NE,CAR,2025-09-28 17:00:00+00:00,2025-09-28 16:00:00+00:00,2025-09-28 16:00:00+00:00,"player_receptions,player_reception_yds"
2025,4,2025_04_LAC_NYG,NYG,LAC,2025-09-28 17:00:00+00:00,2025-09-28 16:00:00+00:00,2025-09-28 16:00:00+00:00,"player_receptions,player_reception_yds"
2025,4,2025_04_PHI_TB,TB,PHI,2025-09-28 17:00:00+00:00,2025-09-28 16:00:00+00:00,2025-09-28 16:00:00+00:00,"player_receptions,player_reception_yds"
2025,4,2025_04_IND_LA,LA,IND,2025-09-28 20:05:00+00:00,2025-09-28 19:05:00+00:00,2025-09-28 19:05:00+00:00,"player_receptions,player_reception_yds"
2025,4,2025_04_JAX_SF,SF,JAX,2025-09-28 20:05:00+00:00,2025-09-28 19:05:00+00:00,2025-09-28 19:05:00+00:00,"player_receptions,player_reception_yds"
2025,4,2025_04_CHI_LV,LV,CHI,2025-09-28 20:25:00+00:00,2025-09-28 19:25:00+00:00,2025-09-28 19:25:00+00:00,"player_receptions,player_reception_yds"
2025,4,2025_04_BAL_KC,KC,BAL,2025-09-28 20:25:00+00:00,2025-09-28 19:25:00+00:00,2025-09-28 19:25:00+00:00,"player_receptions,player_reception_yds"
2025,4,2025_04_GB_DAL,DAL,GB,2025-09-29 00:20:00+00:00,2025-09-28 23:20:00+00:00,2025-09-28 23:20:00+00:00,"player_receptions,player_reception_yds"
2025,4,2025_04_NYJ_MIA,MIA,NYJ,2025-09-29 23:15:00+00:00,2025-09-29 22:15:00+00:00,2025-09-29 22:15:00+00:00,"player_receptions,player_reception_yds"
2025,4,2025_04_CIN_DEN,DEN,CIN,2025-09-30 00:15:00+00:00,2025-09-29 23:15:00+00:00,2025-09-29 23:15:00+00:00,"player_receptions,player_reception_yds"
2025,5,2025_05_SF_LA,LA,SF,2025-10-03 00:15:00+00:00,2025-10-02 23:15:00+00:00,2025-10-02 23:15:00+00:00,"player_receptions,player_reception_yds"
2025,5,2025_05_MIN_CLE,CLE,MIN,2025-10-05 13:30:00+00:00,2025-10-05 12:30:00+00:00,2025-10-05 12:30:00+00:00,"player_receptions,player_reception_yds"
2025,5,2025_05_DAL_NYJ,NYJ,DAL,2025-10-05 17:00:00+00:00,2025-10-05 16:00:00+00:00,2025-10-05 16:00:00+00:00,"player_receptions,player_reception_yds"
2025,5,2025_05_DEN_PHI,PHI,DEN,2025-10-05 17:00:00+00:00,2025-10-05 16:00:00+00:00,2025-10-05 16:00:00+00:00,"player_receptions,player_reception_yds"
2025,5,2025_05_NYG_NO,NO,NYG,2025-10-05 17:00:00+00:00,2025-10-05 16:00:00+00:00,2025-10-05 16:00:00+00:00,"player_receptions,player_reception_yds"
2025,5,2025_05_MIA_CAR,CAR,MIA,2025-10-05 17:00:00+00:00,2025-10-05 16:00:00+00:00,2025-10-05 16:00:00+00:00,"player_receptions,player_reception_yds"
2025,5,2025_05_HOU_BAL,BAL,HOU,2025-10-05 17:00:00+00:00,2025-10-05 16:00:00+00:00,2025-10-05 16:00:00+00:00,"player_receptions,player_reception_yds"
2025,5,2025_05_LV_IND,IND,LV,2025-10-05 17:00:00+00:00,2025-10-05 16:00:00+00:00,2025-10-05 16:00:00+00:00,"player_receptions,player_reception_yds"
2025,5,2025_05_TEN_ARI,ARI,TEN,2025-10-05 20:05:00+00:00,2025-10-05 19:05:00+00:00,2025-10-05 19:05:00+00:00,"player_receptions,player_reception_yds"
2025,5,2025_05_TB_SEA,SEA,TB,2025-10-05 20:05:00+00:00,2025-10-05 19:05:00+00:00,2025-10-05 19:05:00+00:00,"player_receptions,player_reception_yds"
2025,5,2025_05_DET_CIN,CIN,DET,2025-10-05 20:25:00+00:00,2025-10-05 19:25:00+00:00,2025-10-05 19:25:00+00:00,"player_receptions,player_reception_yds"
2025,5,2025_05_WAS_LAC,LAC,WAS,2025-10-05 20:25:00+00:00,2025-10-05 19:25:00+00:00,2025-10-05 19:25:00+00:00,"player_receptions,player_reception_yds"
2025,5,2025_05_NE_BUF,BUF,NE,2025-10-06 00:20:00+00:00,2025-10-05 23:20:00+00:00,2025-10-05 23:20:00+00:00,"player_receptions,player_reception_yds"
2025,5,2025_05_KC_JAX,JAX,KC,2025-10-07 00:15:00+00:00,2025-10-06 23:15:00+00:00,2025-10-06 23:15:00+00:00,"player_receptions,player_reception_yds"
2025,6,2025_06_PHI_NYG,NYG,PHI,2025-10-10 00:15:00+00:00,2025-10-09 23:15:00+00:00,2025-10-09 23:15:00+00:00,"player_receptions,player_reception_yds"
2025,6,2025_06_DEN_NYJ,NYJ,DEN,2025-10-12 13:30:00+00:00,2025-10-12 12:30:00+00:00,2025-10-12 12:30:00+00:00,"player_receptions,player_reception_yds"
2025,6,2025_06_CLE_PIT,PIT,CLE,2025-10-12 17:00:00+00:00,2025-10-12 16:00:00+00:00,2025-10-12 16:00:00+00:00,"player_receptions,player_reception_yds"
2025,6,2025_06_NE_NO,NO,NE,2025-10-12 17:00:00+00:00,2025-10-12 16:00:00+00:00,2025-10-12 16:00:00+00:00,"player_receptions,player_reception_yds"
2025,6,2025_06_LAC_MIA,MIA,LAC,2025-10-12 17:00:00+00:00,2025-10-12 16:00:00+00:00,2025-10-12 16:00:00+00:00,"player_receptions,player_reception_yds"
2025,6,2025_06_ARI_IND,IND,ARI,2025-10-12 17:00:00+00:00,2025-10-12 16:00:00+00:00,2025-10-12 16:00:00+00:00,"player_receptions,player_reception_yds"
2025,6,2025_06_DAL_CAR,CAR,DAL,2025-10-12 17:00:00+00:00,2025-10-12 16:00:00+00:00,2025-10-12 16:00:00+00:00,"player_receptions,player_reception_yds"
2025,6,2025_06_LA_BAL,BAL,LA,2025-10-12 17:00:00+00:00,2025-10-12 16:00:00+00:00,2025-10-12 16:00:00+00:00,"player_receptions,player_reception_yds"
2025,6,2025_06_SEA_JAX,JAX,SEA,2025-10-12 17:00:00+00:00,2025-10-12 16:00:00+00:00,2025-10-12 16:00:00+00:00,"player_receptions,player_reception_yds"
2025,6,2025_06_TEN_LV,LV,TEN,2025-10-12 20:05:00+00:00,2025-10-12 19:05:00+00:00,2025-10-12 19:05:00+00:00,"player_receptions,player_reception_yds"
2025,6,2025_06_CIN_GB,GB,CIN,2025-10-12 20:25:00+00:00,2025-10-12 19:25:00+00:00,2025-10-12 19:25:00+00:00,"player_receptions,player_reception_yds"
2025,6,2025_06_SF_TB,TB,SF,2025-10-12 20:25:00+00:00,2025-10-12 19:25:00+00:00,2025-10-12 19:25:00+00:00,"player_receptions,player_reception_yds"
2025,6,2025_06_DET_KC,KC,DET,2025-10-13 00:20:00+00:00,2025-10-12 23:20:00+00:00,2025-10-12 23:20:00+00:00,"player_receptions,player_reception_yds"
2025,6,2025_06_BUF_ATL,ATL,BUF,2025-10-13 23:15:00+00:00,2025-10-13 22:15:00+00:00,2025-10-13 22:15:00+00:00,"player_receptions,player_reception_yds"
2025,6,2025_06_CHI_WAS,WAS,CHI,2025-10-14 00:15:00+00:00,2025-10-13 23:15:00+00:00,2025-10-13 23:15:00+00:00,"player_receptions,player_reception_yds"
2025,7,2025_07_PIT_CIN,CIN,PIT,2025-10-17 00:15:00+00:00,2025-10-16 23:15:00+00:00,2025-10-16 23:15:00+00:00,"player_receptions,player_reception_yds"
2025,7,2025_07_LA_JAX,JAX,LA,2025-10-19 13:30:00+00:00,2025-10-19 12:30:00+00:00,2025-10-19 12:30:00+00:00,"player_receptions,player_reception_yds"
2025,7,2025_07_NO_CHI,CHI,NO,2025-10-19 17:00:00+00:00,2025-10-19 16:00:00+00:00,2025-10-19 16:00:00+00:00,"player_receptions,player_reception_yds"
2025,7,2025_07_MIA_CLE,CLE,MIA,2025-10-19 17:00:00+00:00,2025-10-19 16:00:00+00:00,2025-10-19 16:00:00+00:00,"player_receptions,player_reception_yds"
2025,7,2025_07_LV_KC,KC,LV,2025-10-19 17:00:00+00:00,2025-10-19 16:00:00+00:00,2025-10-19 16:00:00+00:00,"player_receptions,player_reception_yds"
2025,7,2025_07_PHI_MIN,MIN,PHI,2025-10-19 17:00:00+00:00,2025-10-19 16:00:00+00:00,2025-10-19 16:00:00+00:00,"player_receptions,player_reception_yds"
2025,7,2025_07_CAR_NYJ,NYJ,CAR,2025-10-19 17:00:00+00:00,2025-10-19 16:00:00+00:00,2025-10-19 16:00:00+00:00,"player_receptions,player_reception_yds"
2025,7,2025_07_NE_TEN,TEN,NE,2025-10-19 17:00:00+00:00,2025-10-19 16:00:00+00:00,2025-10-19 16:00:00+00:00,"player_receptions,player_reception_yds"
2025,7,2025_07_NYG_DEN,DEN,NYG,2025-10-19 20:05:00+00:00,2025-10-19 19:05:00+00:00,2025-10-19 19:05:00+00:00,"player_receptions,player_reception_yds"
2025,7,2025_07_IND_LAC,LAC,IND,2025-10-19 20:05:00+00:00,2025-10-19 19:05:00+00:00,2025-10-19 19:05:00+00:00,"player_receptions,player_reception_yds"
2025,7,2025_07_GB_ARI,ARI,GB,2025-10-19 20:25:00+00:00,2025-10-19 19:25:00+00:00,2025-10-19 19:25:00+00:00,"player_receptions,player_reception_yds"
2025,7,2025_07_WAS_DAL,DAL,WAS,2025-10-19 20:25:00+00:00,2025-10-19 19:25:00+00:00,2025-10-19 19:25:00+00:00,"player_receptions,player_reception_yds"
2025,7,2025_07_ATL_SF,SF,ATL,2025-10-20 00:20:00+00:00,2025-10-19 23:20:00+00:00,2025-10-19 23:20:00+00:00,"player_receptions,player_reception_yds"
2025,7,2025_07_TB_DET,DET,TB,2025-10-20 23:00:00+00:00,2025-10-20 22:00:00+00:00,2025-10-20 22:00:00+00:00,"player_receptions,player_reception_yds"
2025,7,2025_07_HOU_SEA,SEA,HOU,2025-10-21 02:00:00+00:00,2025-10-21 01:00:00+00:00,2025-10-21 01:00:00+00:00,"player_receptions,player_reception_yds"
2025,8,2025_08_MIN_LAC,LAC,MIN,2025-10-24 00:15:00+00:00,2025-10-23 23:15:00+00:00,2025-10-23 23:15:00+00:00,"player_receptions,player_reception_yds"
2025,8,2025_08_MIA_ATL,ATL,MIA,2025-10-26 17:00:00+00:00,2025-10-26 16:00:00+00:00,2025-10-26 16:00:00+00:00,"player_receptions,player_reception_yds"
2025,8,2025_08_CHI_BAL,BAL,CHI,2025-10-26 17:00:00+00:00,2025-10-26 16:00:00+00:00,2025-10-26 16:00:00+00:00,"player_receptions,player_reception_yds"
2025,8,2025_08_BUF_CAR,CAR,BUF,2025-10-26 17:00:00+00:00,2025-10-26 16:00:00+00:00,2025-10-26 16:00:00+00:00,"player_receptions,player_reception_yds"
2025,8,2025_08_NYJ_CIN,CIN,NYJ,2025-10-26 17:00:00+00:00,2025-10-26 16:00:00+00:00,2025-10-26 16:00:00+00:00,"player_receptions,player_reception_yds"
2025,8,2025_08_SF_HOU,HOU,SF,2025-10-26 17:00:00+00:00,2025-10-26 16:00:00+00:00,2025-10-26 16:00:00+00:00,"player_receptions,player_reception_yds"
2025,8,2025_08_CLE_NE,NE,CLE,2025-10-26 17:00:00+00:00,2025-10-26 16:00:00+00:00,2025-10-26 16:00:00+00:00,"player_receptions,player_reception_yds"
2025,8,2025_08_NYG_PHI,PHI,NYG,2025-10-26 17:00:00+00:00,2025-10-26 16:00:00+00:00,2025-10-26 16:00:00+00:00,"player_receptions,player_reception_yds"
2025,8,2025_08_TB_NO,NO,TB,2025-10-26 20:05:00+00:00,2025-10-26 19:05:00+00:00,2025-10-26 19:05:00+00:00,"player_receptions,player_reception_yds"
2025,8,2025_08_TEN_IND,IND,TEN,2025-10-26 20:25:00+00:00,2025-10-26 19:25:00+00:00,2025-10-26 19:25:00+00:00,"player_receptions,player_reception_yds"
2025,8,2025_08_DAL_DEN,DEN,DAL,2025-10-26 20:25:00+00:00,2025-10-26 19:25:00+00:00,2025-10-26 19:25:00+00:00,"player_receptions,player_reception_yds"
2025,8,2025_08_GB_PIT,PIT,GB,2025-10-27 00:20:00+00:00,2025-10-26 23:20:00+00:00,2025-10-26 23:20:00+00:00,"player_receptions,player_reception_yds"
2025,8,2025_08_WAS_KC,KC,WAS,2025-10-28 00:15:00+00:00,2025-10-27 23:15:00+00:00,2025-10-27 23:15:00+00:00,"player_receptions,player_reception_yds"
2025,9,2025_09_BAL_MIA,MIA,BAL,2025-10-31 00:15:00+00:00,2025-10-30 23:15:00+00:00,2025-10-30 23:15:00+00:00,"player_receptions,player_reception_yds"
2025,9,2025_09_LAC_TEN,TEN,LAC,2025-11-02 18:00:00+00:00,2025-11-02 17:00:00+00:00,2025-11-02 17:00:00+00:00,"player_receptions,player_reception_yds"
2025,9,2025_09_SF_NYG,NYG,SF,2025-11-02 18:00:00+00:00,2025-11-02 17:00:00+00:00,2025-11-02 17:00:00+00:00,"player_receptions,player_reception_yds"
2025,9,2025_09_ATL_NE,NE,ATL,2025-11-02 18:00:00+00:00,2025-11-02 17:00:00+00:00,2025-11-02 17:00:00+00:00,"player_receptions,player_reception_yds"
2025,9,2025_09_IND_PIT,PIT,IND,2025-11-02 18:00:00+00:00,2025-11-02 17:00:00+00:00,2025-11-02 17:00:00+00:00,"player_receptions,player_reception_yds"
2025,9,2025_09_CAR_GB,GB,CAR,2025-11-02 18:00:00+00:00,2025-11-02 17:00:00+00:00,2025-11-02 17:00:00+00:00,"player_receptions,player_reception_yds"
2025,9,2025_09_MIN_DET,DET,MIN,2025-11-02 18:00:00+00:00,2025-11-02 17:00:00+00:00,2025-11-02 17:00:00+00:00,"player_receptions,player_reception_yds"
2025,9,2025_09_CHI_CIN,CIN,CHI,2025-11-02 18:00:00+00:00,2025-11-02 17:00:00+00:00,2025-11-02 17:00:00+00:00,"player_receptions,player_reception_yds"
2025,9,2025_09_DEN_HOU,HOU,DEN,2025-11-02 18:00:00+00:00,2025-11-02 17:00:00+00:00,2025-11-02 17:00:00+00:00,"player_receptions,player_reception_yds"
2025,9,2025_09_NO_LA,LA,NO,2025-11-02 21:05:00+00:00,2025-11-02 20:05:00+00:00,2025-11-02 20:05:00+00:00,"player_receptions,player_reception_yds"
2025,9,2025_09_JAX_LV,LV,JAX,2025-11-02 21:05:00+00:00,2025-11-02 20:05:00+00:00,2025-11-02 20:05:00+00:00,"player_receptions,player_reception_yds"
2025,9,2025_09_KC_BUF,BUF,KC,2025-11-02 21:25:00+00:00,2025-11-02 20:25:00+00:00,2025-11-02 20:25:00+00:00,"player_receptions,player_reception_yds"
2025,9,2025_09_SEA_WAS,WAS,SEA,2025-11-03 01:20:00+00:00,2025-11-03 00:20:00+00:00,2025-11-03 00:20:00+00:00,"player_receptions,player_reception_yds"
2025,9,2025_09_ARI_DAL,DAL,ARI,2025-11-04 01:15:00+00:00,2025-11-04 00:15:00+00:00,2025-11-04 00:15:00+00:00,"player_receptions,player_reception_yds"
2025,10,2025_10_LV_DEN,DEN,LV,2025-11-07 01:15:00+00:00,2025-11-07 00:15:00+00:00,2025-11-07 00:15:00+00:00,"player_receptions,player_reception_yds"
2025,10,2025_10_ATL_IND,IND,ATL,2025-11-09 14:30:00+00:00,2025-11-09 13:30:00+00:00,2025-11-09 13:30:00+00:00,"player_receptions,player_reception_yds"
2025,10,2025_10_BAL_MIN,MIN,BAL,2025-11-09 18:00:00+00:00,2025-11-09 17:00:00+00:00,2025-11-09 17:00:00+00:00,"player_receptions,player_reception_yds"
2025,10,2025_10_NE_TB,TB,NE,2025-11-09 18:00:00+00:00,2025-11-09 17:00:00+00:00,2025-11-09 17:00:00+00:00,"player_receptions,player_reception_yds"
2025,10,2025_10_BUF_MIA,MIA,BUF,2025-11-09 18:00:00+00:00,2025-11-09 17:00:00+00:00,2025-11-09 17:00:00+00:00,"player_receptions,player_reception_yds"
2025,10,2025_10_CLE_NYJ,NYJ,CLE,2025-11-09 18:00:00+00:00,2025-11-09 17:00:00+00:00,2025-11-09 17:00:00+00:00,"player_receptions,player_reception_yds"
2025,10,2025_10_NYG_CHI,CHI,NYG,2025-11-09 18:00:00+00:00,2025-11-09 17:00:00+00:00,2025-11-09 17:00:00+00:00,"player_receptions,player_reception_yds"
2025,10,2025_10_NO_CAR,CAR,NO,2025-11-09 18:00:00+00:00,2025-11-09 17:00:00+00:00,2025-11-09 17:00:00+00:00,"player_receptions,player_reception_yds"
2025,10,2025_10_JAX_HOU,HOU,JAX,2025-11-09 18:00:00+00:00,2025-11-09 17:00:00+00:00,2025-11-09 17:00:00+00:00,"player_receptions,player_reception_yds"
2025,10,2025_10_ARI_SEA,SEA,ARI,2025-11-09 21:05:00+00:00,2025-11-09 20:05:00+00:00,2025-11-09 20:05:00+00:00,"player_receptions,player_reception_yds"
2025,10,2025_10_LA_SF,SF,LA,2025-11-09 21:25:00+00:00,2025-11-09 20:25:00+00:00,2025-11-09 20:25:00+00:00,"player_receptions,player_reception_yds"
2025,10,2025_10_DET_WAS,WAS,DET,2025-11-09 21:25:00+00:00,2025-11-09 20:25:00+00:00,2025-11-09 20:25:00+00:00,"player_receptions,player_reception_yds"
2025,10,2025_10_PIT_LAC,LAC,PIT,2025-11-10 01:20:00+00:00,2025-11-10 00:20:00+00:00,2025-11-10 00:20:00+00:00,"player_receptions,player_reception_yds"
2025,10,2025_10_PHI_GB,GB,PHI,2025-11-11 01:15:00+00:00,2025-11-11 00:15:00+00:00,2025-11-11 00:15:00+00:00,"player_receptions,player_reception_yds"
2025,11,2025_11_NYJ_NE,NE,NYJ,2025-11-14 01:15:00+00:00,2025-11-14 00:15:00+00:00,2025-11-14 00:15:00+00:00,"player_receptions,player_reception_yds"
2025,11,2025_11_WAS_MIA,MIA,WAS,2025-11-16 14:30:00+00:00,2025-11-16 13:30:00+00:00,2025-11-16 13:30:00+00:00,"player_receptions,player_reception_yds"
2025,11,2025_11_HOU_TEN,TEN,HOU,2025-11-16 18:00:00+00:00,2025-11-16 17:00:00+00:00,2025-11-16 17:00:00+00:00,"player_receptions,player_reception_yds"
2025,11,2025_11_CIN_PIT,PIT,CIN,2025-11-16 18:00:00+00:00,2025-11-16 17:00:00+00:00,2025-11-16 17:00:00+00:00,"player_receptions,player_reception_yds"
2025,11,2025_11_GB_NYG,NYG,GB,2025-11-16 18:00:00+00:00,2025-11-16 17:00:00+00:00,2025-11-16 17:00:00+00:00,"player_receptions,player_reception_yds"
2025,11,2025_11_CHI_MIN,MIN,CHI,2025-11-16 18:00:00+00:00,2025-11-16 17:00:00+00:00,2025-11-16 17:00:00+00:00,"player_receptions,player_reception_yds"
2025,11,2025_11_TB_BUF,BUF,TB,2025-11-16 18:00:00+00:00,2025-11-16 17:00:00+00:00,2025-11-16 17:00:00+00:00,"player_receptions,player_reception_yds"
2025,11,2025_11_CAR_ATL,ATL,CAR,2025-11-16 18:00:00+00:00,2025-11-16 17:00:00+00:00,2025-11-16 17:00:00+00:00,"player_receptions,player_reception_yds"
2025,11,2025_11_LAC_JAX,JAX,LAC,2025-11-16 18:00:00+00:00,2025-11-16 17:00:00+00:00,2025-11-16 17:00:00+00:00,"player_receptions,player_reception_yds"
2025,11,2025_11_SF_ARI,ARI,SF,2025-11-16 21:05:00+00:00,2025-11-16 20:05:00+00:00,2025-11-16 20:05:00+00:00,"player_receptions,player_reception_yds"
2025,11,2025_11_SEA_LA,LA,SEA,2025-11-16 21:05:00+00:00,2025-11-16 20:05:00+00:00,2025-11-16 20:05:00+00:00,"player_receptions,player_reception_yds"
2025,11,2025_11_BAL_CLE,CLE,BAL,2025-11-16 21:25:00+00:00,2025-11-16 20:25:00+00:00,2025-11-16 20:25:00+00:00,"player_receptions,player_reception_yds"
2025,11,2025_11_KC_DEN,DEN,KC,2025-11-16 21:25:00+00:00,2025-11-16 20:25:00+00:00,2025-11-16 20:25:00+00:00,"player_receptions,player_reception_yds"
2025,11,2025_11_DET_PHI,PHI,DET,2025-11-17 01:20:00+00:00,2025-11-17 00:20:00+00:00,2025-11-17 00:20:00+00:00,"player_receptions,player_reception_yds"
2025,11,2025_11_DAL_LV,LV,DAL,2025-11-18 01:15:00+00:00,2025-11-18 00:15:00+00:00,2025-11-18 00:15:00+00:00,"player_receptions,player_reception_yds"
2025,12,2025_12_BUF_HOU,HOU,BUF,2025-11-21 01:15:00+00:00,2025-11-21 00:15:00+00:00,2025-11-21 00:15:00+00:00,"player_receptions,player_reception_yds"
2025,12,2025_12_SEA_TEN,TEN,SEA,2025-11-23 18:00:00+00:00,2025-11-23 17:00:00+00:00,2025-11-23 17:00:00+00:00,"player_receptions,player_reception_yds"
2025,12,2025_12_IND_KC,KC,IND,2025-11-23 18:00:00+00:00,2025-11-23 17:00:00+00:00,2025-11-23 17:00:00+00:00,"player_receptions,player_reception_yds"
2025,12,2025_12_MIN_GB,GB,MIN,2025-11-23 18:00:00+00:00,2025-11-23 17:00:00+00:00,2025-11-23 17:00:00+00:00,"player_receptions,player_reception_yds"
2025,12,2025_12_NYG_DET,DET,NYG,2025-11-23 18:00:00+00:00,2025-11-23 17:00:00+00:00,2025-11-23 17:00:00+00:00,"player_receptions,player_reception_yds"
2025,12,2025_12_PIT_CHI,CHI,PIT,2025-11-23 18:00:00+00:00,2025-11-23 17:00:00+00:00,2025-11-23 17:00:00+00:00,"player_receptions,player_reception_yds"
2025,12,2025_12_NYJ_BAL,BAL,NYJ,2025-11-23 18:00:00+00:00,2025-11-23 17:00:00+00:00,2025-11-23 17:00:00+00:00,"player_receptions,player_reception_yds"
2025,12,2025_12_NE_CIN,CIN,NE,2025-11-23 18:00:00+00:00,2025-11-23 17:00:00+00:00,2025-11-23 17:00:00+00:00,"player_receptions,player_reception_yds"
2025,12,2025_12_JAX_ARI,ARI,JAX,2025-11-23 21:05:00+00:00,2025-11-23 20:05:00+00:00,2025-11-23 20:05:00+00:00,"player_receptions,player_reception_yds"
2025,12,2025_12_CLE_LV,LV,CLE,2025-11-23 21:05:00+00:00,2025-11-23 20:05:00+00:00,2025-11-23 20:05:00+00:00,"player_receptions,player_reception_yds"
2025,12,2025_12_PHI_DAL,DAL,PHI,2025-11-23 21:25:00+00:00,2025-11-23 20:25:00+00:00,2025-11-23 20:25:00+00:00,"player_receptions,player_reception_yds"
2025,12,2025_12_ATL_NO,NO,ATL,2025-11-23 21:25:00+00:00,2025-11-23 20:25:00+00:00,2025-11-23 20:25:00+00:00,"player_receptions,player_reception_yds"
2025,12,2025_12_TB_LA,LA,TB,2025-11-24 01:20:00+00:00,2025-11-24 00:20:00+00:00,2025-11-24 00:20:00+00:00,"player_receptions,player_reception_yds"
2025,12,2025_12_CAR_SF,SF,CAR,2025-11-25 01:15:00+00:00,2025-11-25 00:15:00+00:00,2025-11-25 00:15:00+00:00,"player_receptions,player_reception_yds"
2025,13,2025_13_GB_DET,DET,GB,2025-11-27 18:00:00+00:00,2025-11-27 17:00:00+00:00,2025-11-27 17:00:00+00:00,"player_receptions,player_reception_yds"
2025,13,2025_13_KC_DAL,DAL,KC,2025-11-27 21:30:00+00:00,2025-11-27 20:30:00+00:00,2025-11-27 20:30:00+00:00,"player_receptions,player_reception_yds"
2025,13,2025_13_CIN_BAL,BAL,CIN,2025-11-28 01:20:00+00:00,2025-11-28 00:20:00+00:00,2025-11-28 00:20:00+00:00,"player_receptions,player_reception_yds"
2025,13,2025_13_CHI_PHI,PHI,CHI,2025-11-28 20:00:00+00:00,2025-11-28 19:00:00+00:00,2025-11-28 19:00:00+00:00,"player_receptions,player_reception_yds"
2025,13,2025_13_LA_CAR,CAR,LA,2025-11-30 18:00:00+00:00,2025-11-30 17:00:00+00:00,2025-11-30 17:00:00+00:00,"player_receptions,player_reception_yds"
2025,13,2025_13_SF_CLE,CLE,SF,2025-11-30 18:00:00+00:00,2025-11-30 17:00:00+00:00,2025-11-30 17:00:00+00:00,"player_receptions,player_reception_yds"
2025,13,2025_13_HOU_IND,IND,HOU,2025-11-30 18:00:00+00:00,2025-11-30 17:00:00+00:00,2025-11-30 17:00:00+00:00,"player_receptions,player_reception_yds"
2025,13,2025_13_NO_MIA,MIA,NO,2025-11-30 18:00:00+00:00,2025-11-30 17:00:00+00:00,2025-11-30 17:00:00+00:00,"player_receptions,player_reception_yds"
2025,13,2025_13_ATL_NYJ,NYJ,ATL,2025-11-30 18:00:00+00:00,2025-11-30 17:00:00+00:00,2025-11-30 17:00:00+00:00,"player_receptions,player_reception_yds"
2025,13,2025_13_ARI_TB,TB,ARI,2025-11-30 18:00:00+00:00,2025-11-30 17:00:00+00:00,2025-11-30 17:00:00+00:00,"player_receptions,player_reception_yds"
2025,13,2025_13_JAX_TEN,TEN,JAX,2025-11-30 18:00:00+00:00,2025-11-30 17:00:00+00:00,2025-11-30 17:00:00+00:00,"player_receptions,player_reception_yds"
2025,13,2025_13_MIN_SEA,SEA,MIN,2025-11-30 21:05:00+00:00,2025-11-30 20:05:00+00:00,2025-11-30 20:05:00+00:00,"player_receptions,player_reception_yds"
2025,13,2025_13_LV_LAC,LAC,LV,2025-11-30 21:25:00+00:00,2025-11-30 20:25:00+00:00,2025-11-30 20:25:00+00:00,"player_receptions,player_reception_yds"
2025,13,2025_13_BUF_PIT,PIT,BUF,2025-11-30 21:25:00+00:00,2025-11-30 20:25:00+00:00,2025-11-30 20:25:00+00:00,"player_receptions,player_reception_yds"
2025,13,2025_13_DEN_WAS,WAS,DEN,2025-12-01 01:20:00+00:00,2025-12-01 00:20:00+00:00,2025-12-01 00:20:00+00:00,"player_receptions,player_reception_yds"
2025,13,2025_13_NYG_NE,NE,NYG,2025-12-02 01:15:00+00:00,2025-12-02 00:15:00+00:00,2025-12-02 00:15:00+00:00,"player_receptions,player_reception_yds"
2025,14,2025_14_DAL_DET,DET,DAL,2025-12-05 01:15:00+00:00,2025-12-05 00:15:00+00:00,2025-12-05 00:15:00+00:00,"player_receptions,player_reception_yds"
2025,14,2025_14_SEA_ATL,ATL,SEA,2025-12-07 18:00:00+00:00,2025-12-07 17:00:00+00:00,2025-12-07 17:00:00+00:00,"player_receptions,player_reception_yds"
2025,14,2025_14_PIT_BAL,BAL,PIT,2025-12-07 18:00:00+00:00,2025-12-07 17:00:00+00:00,2025-12-07 17:00:00+00:00,"player_receptions,player_reception_yds"
2025,14,2025_14_CIN_BUF,BUF,CIN,2025-12-07 18:00:00+00:00,2025-12-07 17:00:00+00:00,2025-12-07 17:00:00+00:00,"player_receptions,player_reception_yds"
2025,14,2025_14_TEN_CLE,CLE,TEN,2025-12-07 18:00:00+00:00,2025-12-07 17:00:00+00:00,2025-12-07 17:00:00+00:00,"player_receptions,player_reception_yds"
2025,14,2025_14_IND_JAX,JAX,IND,2025-12-07 18:00:00+00:00,2025-12-07 17:00:00+00:00,2025-12-07 17:00:00+00:00,"player_receptions,player_reception_yds"
2025,14,2025_14_WAS_MIN,MIN,WAS,2025-12-07 18:00:00+00:00,2025-12-07 17:00:00+00:00,2025-12-07 17:00:00+00:00,"player_receptions,player_reception_yds"
2025,14,2025_14_MIA_NYJ,NYJ,MIA,2025-12-07 18:00:00+00:00,2025-12-07 17:00:00+00:00,2025-12-07 17:00:00+00:00,"player_receptions,player_reception_yds"
2025,14,2025_14_NO_TB,TB,NO,2025-12-07 18:00:00+00:00,2025-12-07 17:00:00+00:00,2025-12-07 17:00:00+00:00,"player_receptions,player_reception_yds"
2025,14,2025_14_DEN_LV,LV,DEN,2025-12-07 21:05:00+00:00,2025-12-07 20:05:00+00:00,2025-12-07 20:05:00+00:00,"player_receptions,player_reception_yds"
2025,14,2025_14_LA_ARI,ARI,LA,2025-12-07 21:25:00+00:00,2025-12-07 20:25:00+00:00,2025-12-07 20:25:00+00:00,"player_receptions,player_reception_yds"
2025,14,2025_14_CHI_GB,GB,CHI,2025-12-07 21:25:00+00:00,2025-12-07 20:25:00+00:00,2025-12-07 20:25:00+00:00,"player_receptions,player_reception_yds"
2025,14,2025_14_HOU_KC,KC,HOU,2025-12-08 01:20:00+00:00,2025-12-08 00:20:00+00:00,2025-12-08 00:20:00+00:00,"player_receptions,player_reception_yds"
2025,14,2025_14_PHI_LAC,LAC,PHI,2025-12-09 01:15:00+00:00,2025-12-09 00:15:00+00:00,2025-12-09 00:15:00+00:00,"player_receptions,player_reception_yds"
2025,15,2025_15_ATL_TB,TB,ATL,2025-12-12 01:15:00+00:00,2025-12-12 00:15:00+00:00,2025-12-12 00:15:00+00:00,"player_receptions,player_reception_yds"
2025,15,2025_15_CLE_CHI,CHI,CLE,2025-12-14 18:00:00+00:00,2025-12-14 17:00:00+00:00,2025-12-14 17:00:00+00:00,"player_receptions,player_reception_yds"
2025,15,2025_15_BAL_CIN,CIN,BAL,2025-12-14 18:00:00+00:00,2025-12-14 17:00:00+00:00,2025-12-14 17:00:00+00:00,"player_receptions,player_reception_yds"
2025,15,2025_15_ARI_HOU,HOU,ARI,2025-12-14 18:00:00+00:00,2025-12-14 17:00:00+00:00,2025-12-14 17:00:00+00:00,"player_receptions,player_reception_yds"
2025,15,2025_15_NYJ_JAX,JAX,NYJ,2025-12-14 18:00:00+00:00,2025-12-14 17:00:00+00:00,2025-12-14 17:00:00+00:00,"player_receptions,player_reception_yds"
2025,15,2025_15_LAC_KC,KC,LAC,2025-12-14 18:00:00+00:00,2025-12-14 17:00:00+00:00,2025-12-14 17:00:00+00:00,"player_receptions,player_reception_yds"
2025,15,2025_15_BUF_NE,NE,BUF,2025-12-14 18:00:00+00:00,2025-12-14 17:00:00+00:00,2025-12-14 17:00:00+00:00,"player_receptions,player_reception_yds"
2025,15,2025_15_WAS_NYG,NYG,WAS,2025-12-14 18:00:00+00:00,2025-12-14 17:00:00+00:00,2025-12-14 17:00:00+00:00,"player_receptions,player_reception_yds"
2025,15,2025_15_LV_PHI,PHI,LV,2025-12-14 18:00:00+00:00,2025-12-14 17:00:00+00:00,2025-12-14 17:00:00+00:00,"player_receptions,player_reception_yds"
2025,15,2025_15_TEN_SF,SF,TEN,2025-12-14 21:25:00+00:00,2025-12-14 20:25:00+00:00,2025-12-14 20:25:00+00:00,"player_receptions,player_reception_yds"
2025,15,2025_15_IND_SEA,SEA,IND,2025-12-14 21:25:00+00:00,2025-12-14 20:25:00+00:00,2025-12-14 20:25:00+00:00,"player_receptions,player_reception_yds"
2025,15,2025_15_GB_DEN,DEN,GB,2025-12-14 21:25:00+00:00,2025-12-14 20:25:00+00:00,2025-12-14 20:25:00+00:00,"player_receptions,player_reception_yds"
2025,15,2025_15_DET_LA,LA,DET,2025-12-14 21:25:00+00:00,2025-12-14 20:25:00+00:00,2025-12-14 20:25:00+00:00,"player_receptions,player_reception_yds"
2025,15,2025_15_CAR_NO,NO,CAR,2025-12-14 21:25:00+00:00,2025-12-14 20:25:00+00:00,2025-12-14 20:25:00+00:00,"player_receptions,player_reception_yds"
2025,15,2025_15_MIN_DAL,DAL,MIN,2025-12-15 01:20:00+00:00,2025-12-15 00:20:00+00:00,2025-12-15 00:20:00+00:00,"player_receptions,player_reception_yds"
2025,15,2025_15_MIA_PIT,PIT,MIA,2025-12-16 01:15:00+00:00,2025-12-16 00:15:00+00:00,2025-12-16 00:15:00+00:00,"player_receptions,player_reception_yds"
2025,16,2025_16_LA_SEA,SEA,LA,2025-12-19 01:15:00+00:00,2025-12-19 00:15:00+00:00,2025-12-19 00:15:00+00:00,"player_receptions,player_reception_yds"
2025,16,2025_16_PHI_WAS,WAS,PHI,2025-12-20 22:00:00+00:00,2025-12-20 21:00:00+00:00,2025-12-20 21:00:00+00:00,"player_receptions,player_reception_yds"
2025,16,2025_16_GB_CHI,CHI,GB,2025-12-21 01:20:00+00:00,2025-12-21 00:20:00+00:00,2025-12-21 00:20:00+00:00,"player_receptions,player_reception_yds"
2025,16,2025_16_KC_TEN,TEN,KC,2025-12-21 18:00:00+00:00,2025-12-21 17:00:00+00:00,2025-12-21 17:00:00+00:00,"player_receptions,player_reception_yds"
2025,16,2025_16_MIN_NYG,NYG,MIN,2025-12-21 18:00:00+00:00,2025-12-21 17:00:00+00:00,2025-12-21 17:00:00+00:00,"player_receptions,player_reception_yds"
2025,16,2025_16_CIN_MIA,MIA,CIN,2025-12-21 18:00:00+00:00,2025-12-21 17:00:00+00:00,2025-12-21 17:00:00+00:00,"player_receptions,player_reception_yds"
2025,16,2025_16_NYJ_NO,NO,NYJ,2025-12-21 18:00:00+00:00,2025-12-21 17:00:00+00:00,2025-12-21 17:00:00+00:00,"player_receptions,player_reception_yds"
2025,16,2025_16_BUF_CLE,CLE,BUF,2025-12-21 18:00:00+00:00,2025-12-21 17:00:00+00:00,2025-12-21 17:00:00+00:00,"player_receptions,player_reception_yds"
2025,16,2025_16_TB_CAR,CAR,TB,2025-12-21 18:00:00+00:00,2025-12-21 17:00:00+00:00,2025-12-21 17:00:00+00:00,"player_receptions,player_reception_yds"
2025,16,2025_16_LAC_DAL,DAL,LAC,2025-12-21 18:00:00+00:00,2025-12-21 17:00:00+00:00,2025-12-21 17:00:00+00:00,"player_receptions,player_reception_yds"
2025,16,2025_16_ATL_ARI,ARI,ATL,2025-12-21 21:05:00+00:00,2025-12-21 20:05:00+00:00,2025-12-21 20:05:00+00:00,"player_receptions,player_reception_yds"
2025,16,2025_16_JAX_DEN,DEN,JAX,2025-12-21 21:05:00+00:00,2025-12-21 20:05:00+00:00,2025-12-21 20:05:00+00:00,"player_receptions,player_reception_yds"
2025,16,2025_16_PIT_DET,DET,PIT,2025-12-21 21:25:00+00:00,2025-12-21 20:25:00+00:00,2025-12-21 20:25:00+00:00,"player_receptions,player_reception_yds"
2025,16,2025_16_LV_HOU,HOU,LV,2025-12-21 21:25:00+00:00,2025-12-21 20:25:00+00:00,2025-12-21 20:25:00+00:00,"player_receptions,player_reception_yds"
2025,16,2025_16_NE_BAL,BAL,NE,2025-12-22 01:20:00+00:00,2025-12-22 00:20:00+00:00,2025-12-22 00:20:00+00:00,"player_receptions,player_reception_yds"
2025,16,2025_16_SF_IND,IND,SF,2025-12-23 01:15:00+00:00,2025-12-23 00:15:00+00:00,2025-12-23 00:15:00+00:00,"player_receptions,player_reception_yds"
2025,17,2025_17_DAL_WAS,WAS,DAL,2025-12-25 18:00:00+00:00,2025-12-25 17:00:00+00:00,2025-12-25 17:00:00+00:00,"player_receptions,player_reception_yds"
2025,17,2025_17_DET_MIN,MIN,DET,2025-12-25 21:30:00+00:00,2025-12-25 20:30:00+00:00,2025-12-25 20:30:00+00:00,"player_receptions,player_reception_yds"
2025,17,2025_17_DEN_KC,KC,DEN,2025-12-26 01:15:00+00:00,2025-12-26 00:15:00+00:00,2025-12-26 00:15:00+00:00,"player_receptions,player_reception_yds"
2025,17,2025_17_HOU_LAC,LAC,HOU,2025-12-27 21:30:00+00:00,2025-12-27 20:30:00+00:00,2025-12-27 20:30:00+00:00,"player_receptions,player_reception_yds"
2025,17,2025_17_BAL_GB,GB,BAL,2025-12-28 01:00:00+00:00,2025-12-28 00:00:00+00:00,2025-12-28 00:00:00+00:00,"player_receptions,player_reception_yds"
2025,17,2025_17_SEA_CAR,CAR,SEA,2025-12-28 18:00:00+00:00,2025-12-28 17:00:00+00:00,2025-12-28 17:00:00+00:00,"player_receptions,player_reception_yds"
2025,17,2025_17_ARI_CIN,CIN,ARI,2025-12-28 18:00:00+00:00,2025-12-28 17:00:00+00:00,2025-12-28 17:00:00+00:00,"player_receptions,player_reception_yds"
2025,17,2025_17_PIT_CLE,CLE,PIT,2025-12-28 18:00:00+00:00,2025-12-28 17:00:00+00:00,2025-12-28 17:00:00+00:00,"player_receptions,player_reception_yds"
2025,17,2025_17_JAX_IND,IND,JAX,2025-12-28 18:00:00+00:00,2025-12-28 17:00:00+00:00,2025-12-28 17:00:00+00:00,"player_receptions,player_reception_yds"
2025,17,2025_17_TB_MIA,MIA,TB,2025-12-28 18:00:00+00:00,2025-12-28 17:00:00+00:00,2025-12-28 17:00:00+00:00,"player_receptions,player_reception_yds"
2025,17,2025_17_NE_NYJ,NYJ,NE,2025-12-28 18:00:00+00:00,2025-12-28 17:00:00+00:00,2025-12-28 17:00:00+00:00,"player_receptions,player_reception_yds"
2025,17,2025_17_NO_TEN,TEN,NO,2025-12-28 18:00:00+00:00,2025-12-28 17:00:00+00:00,2025-12-28 17:00:00+00:00,"player_receptions,player_reception_yds"
2025,17,2025_17_NYG_LV,LV,NYG,2025-12-28 21:05:00+00:00,2025-12-28 20:05:00+00:00,2025-12-28 20:05:00+00:00,"player_receptions,player_reception_yds"
2025,17,2025_17_PHI_BUF,BUF,PHI,2025-12-28 21:25:00+00:00,2025-12-28 20:25:00+00:00,2025-12-28 20:25:00+00:00,"player_receptions,player_reception_yds"
2025,17,2025_17_CHI_SF,SF,CHI,2025-12-29 01:20:00+00:00,2025-12-29 00:20:00+00:00,2025-12-29 00:20:00+00:00,"player_receptions,player_reception_yds"
2025,17,2025_17_LA_ATL,ATL,LA,2025-12-30 01:15:00+00:00,2025-12-30 00:15:00+00:00,2025-12-30 00:15:00+00:00,"player_receptions,player_reception_yds"
2025,18,2025_18_CAR_TB,TB,CAR,2026-01-03 21:30:00+00:00,2026-01-03 20:30:00+00:00,2026-01-03 20:30:00+00:00,"player_receptions,player_reception_yds"
2025,18,2025_18_SEA_SF,SF,SEA,2026-01-04 01:00:00+00:00,2026-01-04 00:00:00+00:00,2026-01-04 00:00:00+00:00,"player_receptions,player_reception_yds"
2025,18,2025_18_NO_ATL,ATL,NO,2026-01-04 18:00:00+00:00,2026-01-04 17:00:00+00:00,2026-01-04 17:00:00+00:00,"player_receptions,player_reception_yds"
2025,18,2025_18_CLE_CIN,CIN,CLE,2026-01-04 18:00:00+00:00,2026-01-04 17:00:00+00:00,2026-01-04 17:00:00+00:00,"player_receptions,player_reception_yds"
2025,18,2025_18_IND_HOU,HOU,IND,2026-01-04 18:00:00+00:00,2026-01-04 17:00:00+00:00,2026-01-04 17:00:00+00:00,"player_receptions,player_reception_yds"
2025,18,2025_18_TEN_JAX,JAX,TEN,2026-01-04 18:00:00+00:00,2026-01-04 17:00:00+00:00,2026-01-04 17:00:00+00:00,"player_receptions,player_reception_yds"
2025,18,2025_18_GB_MIN,MIN,GB,2026-01-04 18:00:00+00:00,2026-01-04 17:00:00+00:00,2026-01-04 17:00:00+00:00,"player_receptions,player_reception_yds"
2025,18,2025_18_DAL_NYG,NYG,DAL,2026-01-04 18:00:00+00:00,2026-01-04 17:00:00+00:00,2026-01-04 17:00:00+00:00,"player_receptions,player_reception_yds"
2025,18,2025_18_MIA_NE,NE,MIA,2026-01-04 21:25:00+00:00,2026-01-04 20:25:00+00:00,2026-01-04 20:25:00+00:00,"player_receptions,player_reception_yds"
2025,18,2025_18_KC_LV,LV,KC,2026-01-04 21:25:00+00:00,2026-01-04 20:25:00+00:00,2026-01-04 20:25:00+00:00,"player_receptions,player_reception_yds"
2025,18,2025_18_ARI_LA,LA,ARI,2026-01-04 21:25:00+00:00,2026-01-04 20:25:00+00:00,2026-01-04 20:25:00+00:00,"player_receptions,player_reception_yds"
2025,18,2025_18_WAS_PHI,PHI,WAS,2026-01-04 21:25:00+00:00,2026-01-04 20:25:00+00:00,2026-01-04 20:25:00+00:00,"player_receptions,player_reception_yds"
2025,18,2025_18_DET_CHI,CHI,DET,2026-01-04 21:25:00+00:00,2026-01-04 20:25:00+00:00,2026-01-04 20:25:00+00:00,"player_receptions,player_reception_yds"
2025,18,2025_18_NYJ_BUF,BUF,NYJ,2026-01-04 21:25:00+00:00,2026-01-04 20:25:00+00:00,2026-01-04 20:25:00+00:00,"player_receptions,player_reception_yds"
2025,18,2025_18_LAC_DEN,DEN,LAC,2026-01-04 21:25:00+00:00,2026-01-04 20:25:00+00:00,2026-01-04 20:25:00+00:00,"player_receptions,player_reception_yds"
2025,18,2025_18_BAL_PIT,PIT,BAL,2026-01-05 01:20:00+00:00,2026-01-05 00:20:00+00:00,2026-01-05 00:20:00+00:00,"player_receptions,player_reception_yds"
